genre,count
alkalmi kiadvány,12
szórakoztató kiadvány,4
egyházi-vallási kiadvány,1
egyházi-vallási kiadvány,1
szórakoztató kiadvány,2
egyházi-vallási kiadvány,2
egyházi-vallási kiadvány,4
egyházi-vallási kiadvány,4
egyházi-vallási kiadvány,1
egyházi-vallási kiadvány,1
egyházi-vallási kiadvány,7
egyházi-vallási kiadvány,2
állami működéshez kapcsolódó kiadvány,2
alkalmi kiadvány,1
egyházi-vallási kiadvány,1
egyházi-vallási kiadvány,1
egyházi-vallási kiadvány,8
iskolai kiadvány,7
iskolai kiadvány,7
iskolai kiadvány,2
iskolai kiadvány,7
iskolai kiadvány,7
iskolai kiadvány,8
iskolai kiadvány,8
iskolai kiadvány,7
iskolai kiadvány,9
iskolai kiadvány,8
iskolai kiadvány,8
iskolai kiadvány,8
iskolai kiadvány,7
iskolai kiadvány,7
iskolai kiadvány,1
iskolai kiadvány,1
iskolai kiadvány,2
iskolai kiadvány,2
alkalmi kiadvány,1
iskolai kiadvány,13
iskolai kiadvány,1
egyházi-vallási kiadvány,1
egyházi-vallási kiadvány,1
egyházi-vallási kiadvány,1
szórakoztató kiadvány,1
egyházi-vallási kiadvány,1
iskolai kiadvány,3
iskolai kiadvány,4
iskolai kiadvány,2
iskolai kiadvány,6
iskolai kiadvány,10
iskolai kiadvány,1
egyházi-vallási kiadvány,3
tudományos kiadvány,1
iskolai kiadvány,1
egyházi-vallási kiadvány,2
iskolai kiadvány,2
egyházi-vallási kiadvány,26
iskolai kiadvány,4
egyházi-vallási kiadvány,1
egyházi-vallási kiadvány,1
iskolai kiadvány,2
iskolai kiadvány,23
egyházi-vallási kiadvány,2
egyházi-vallási kiadvány,1
egyházi-vallási kiadvány,1
iskolai kiadvány,1
iskolai kiadvány,1
iskolai kiadvány,1
iskolai kiadvány,1
iskolai kiadvány,1
iskolai kiadvány,1
iskolai kiadvány,1
iskolai kiadvány,2
iskolai kiadvány,1
iskolai kiadvány,1
iskolai kiadvány,1
iskolai kiadvány,1
egyházi-vallási kiadvány,19
állami működéshez kapcsolódó kiadvány,2
egyházi-vallási kiadvány,1
egyházi-vallási kiadvány,1
egyházi-vallási kiadvány,1
egyházi-vallási kiadvány,3
egyházi-vallási kiadvány,3
egyházi-vallási kiadvány,13
egyházi-vallási kiadvány,17
alkalmi kiadvány,1
egyházi-vallási kiadvány,5
egyházi-vallási kiadvány,34
egyházi-vallási kiadvány,30
iskolai kiadvány,2
alkalmi kiadvány,3
alkalmi kiadvány,3
egyházi-vallási kiadvány,3
egyházi-vallási kiadvány,5
iskolai kiadvány,3
iskolai kiadvány,1
iskolai kiadvány,1
egyházi-vallási kiadvány,62
állami működéshez kapcsolódó kiadvány,4
állami működéshez kapcsolódó kiadvány,6
iskolai kiadvány,1
szórakoztató kiadvány,4
szórakoztató kiadvány,3
alkalmi kiadvány,2
egyházi-vallási kiadvány,3
egyházi-vallási kiadvány,2
alkalmi kiadvány,1
iskolai kiadvány,5
egyházi-vallási kiadvány,15
szórakoztató kiadvány,12
egyházi-vallási kiadvány,10
iskolai kiadvány,2
egyházi-vallási kiadvány,1
iskolai kiadvány,1
egyházi-vallási kiadvány,25
egyházi-vallási kiadvány,6
egyházi-vallási kiadvány,3
alkalmi kiadvány,2
egyházi-vallási kiadvány,1
szórakoztató kiadvány,1
egyházi-vallási kiadvány,2
egyházi-vallási kiadvány,1
egyházi-vallási kiadvány,1
egyházi-vallási kiadvány,1
egyházi-vallási kiadvány,1
egyházi-vallási kiadvány,1
egyházi-vallási kiadvány,1
egyházi-vallási kiadvány,5
egyházi-vallási kiadvány,2
egyházi-vallási kiadvány,1
egyházi-vallási kiadvány,1
egyházi-vallási kiadvány,1
egyházi-vallási kiadvány,3
egyházi-vallási kiadvány,1
egyházi-vallási kiadvány,1
szórakoztató kiadvány,2
állami működéshez kapcsolódó kiadvány,2
alkalmi kiadvány,4
állami működéshez kapcsolódó kiadvány,42
tudományos kiadvány,6
szórakoztató kiadvány,14
egyházi-vallási kiadvány,13
egyházi-vallási kiadvány,8
egyházi-vallási kiadvány,4
tudományos kiadvány,11
tudományos kiadvány,1
iskolai kiadvány,4
egyházi-vallási kiadvány,4
egyházi-vallási kiadvány,2
egyházi-vallási kiadvány,1
tudományos kiadvány,2
iskolai kiadvány,1
állami működéshez kapcsolódó kiadvány,6
egyházi-vallási kiadvány,2
iskolai kiadvány,1
egyházi-vallási kiadvány,3
egyházi-vallási kiadvány,18
egyházi-vallási kiadvány,18
egyházi-vallási kiadvány,23
egyházi-vallási kiadvány,1
szórakoztató kiadvány,2
szórakoztató kiadvány,1
szórakoztató kiadvány,1
egyházi-vallási kiadvány,2
iskolai kiadvány,25
tudományos kiadvány,1
tudományos kiadvány,16
alkalmi kiadvány,1
alkalmi kiadvány,1
alkalmi kiadvány,2
állami működéshez kapcsolódó kiadvány,5
egyházi-vallási kiadvány,6
egyházi-vallási kiadvány,7
egyházi-vallási kiadvány,17
iskolai kiadvány,1
egyházi-vallási kiadvány,3
iskolai kiadvány,1
iskolai kiadvány,1
iskolai kiadvány,1
alkalmi kiadvány,3
szórakoztató kiadvány,1
alkalmi kiadvány,1
egyházi-vallási kiadvány,2
szórakoztató kiadvány,2
szórakoztató kiadvány,7
egyházi-vallási kiadvány,1
szórakoztató kiadvány,3
egyházi-vallási kiadvány,5
egyházi-vallási kiadvány,1
alkalmi kiadvány,3
alkalmi kiadvány,1
állami működéshez kapcsolódó kiadvány,2
állami működéshez kapcsolódó kiadvány,4
tudományos kiadvány,69
állami működéshez kapcsolódó kiadvány,17
egyházi-vallási kiadvány,3
tudományos kiadvány,9
alkalmi kiadvány,1
egyházi-vallási kiadvány,1
egyházi-vallási kiadvány,1
egyházi-vallási kiadvány,10
egyházi-vallási kiadvány,10
egyházi-vallási kiadvány,14
egyházi-vallási kiadvány,1
iskolai kiadvány,1
egyházi-vallási kiadvány,3
iskolai kiadvány,3
iskolai kiadvány,1
iskolai kiadvány,2
iskolai kiadvány,2
iskolai kiadvány,3
iskolai kiadvány,3
iskolai kiadvány,2
iskolai kiadvány,9
iskolai kiadvány,4
iskolai kiadvány,9
iskolai kiadvány,3
egyházi-vallási kiadvány,8
egyházi-vallási kiadvány,9
szórakoztató kiadvány,1
állami működéshez kapcsolódó kiadvány,3
szórakoztató kiadvány,1
alkalmi kiadvány,1
alkalmi kiadvány,3
alkalmi kiadvány,1
alkalmi kiadvány,37
egyházi-vallási kiadvány,1
alkalmi kiadvány,3
alkalmi kiadvány,1
alkalmi kiadvány,1
állami működéshez kapcsolódó kiadvány,2
egyházi-vallási kiadvány,2
egyházi-vallási kiadvány,2
alkalmi kiadvány,2
állami működéshez kapcsolódó kiadvány,1
tudományos kiadvány,2
alkalmi kiadvány,2
szórakoztató kiadvány,1
szórakoztató kiadvány,3
szórakoztató kiadvány,3
szórakoztató kiadvány,7
szórakoztató kiadvány,1
szórakoztató kiadvány,3
szórakoztató kiadvány,3
szórakoztató kiadvány,2
szórakoztató kiadvány,1
szórakoztató kiadvány,1
egyházi-vallási kiadvány,1
tudományos kiadvány,3
alkalmi kiadvány,1
tudományos kiadvány,24
alkalmi kiadvány,1
szórakoztató kiadvány,2
szórakoztató kiadvány,2
egyházi-vallási kiadvány,17
egyházi-vallási kiadvány,15
egyházi-vallási kiadvány,17
egyházi-vallási kiadvány,2
egyházi-vallási kiadvány,1
egyházi-vallási kiadvány,6
egyházi-vallási kiadvány,5
egyházi-vallási kiadvány,8
egyházi-vallási kiadvány,1
egyházi-vallási kiadvány,30
iskolai kiadvány,3
tudományos kiadvány,3
tudományos kiadvány,10
alkalmi kiadvány,1
iskolai kiadvány,1
egyházi-vallási kiadvány,2
egyházi-vallási kiadvány,2
egyházi-vallási kiadvány,2
alkalmi kiadvány,1
alkalmi kiadvány,3
egyházi-vallási kiadvány,1
iskolai kiadvány,6
iskolai kiadvány,7
tudományos kiadvány,21
tudományos kiadvány,8
iskolai kiadvány,1
tudományos kiadvány,6
tudományos kiadvány,5
iskolai kiadvány,1
szórakoztató kiadvány,1
alkalmi kiadvány,1
alkalmi kiadvány,1
iskolai kiadvány,2
tudományos kiadvány,1
állami működéshez kapcsolódó kiadvány,1
egyházi-vallási kiadvány,1
egyházi-vallási kiadvány,3
iskolai kiadvány,8
egyházi-vallási kiadvány,6
szórakoztató kiadvány,3
szórakoztató kiadvány,3
állami működéshez kapcsolódó kiadvány,7
alkalmi kiadvány,1
egyházi-vallási kiadvány,1
iskolai kiadvány,1
egyházi-vallási kiadvány,1
egyházi-vallási kiadvány,5
alkalmi kiadvány,2
alkalmi kiadvány,1
alkalmi kiadvány,1
alkalmi kiadvány,1
egyházi-vallási kiadvány,3
egyházi-vallási kiadvány,6
egyházi-vallási kiadvány,4
szórakoztató kiadvány,1
szórakoztató kiadvány,2
szórakoztató kiadvány,1
iskolai kiadvány,2
iskolai kiadvány,1
iskolai kiadvány,1
szórakoztató kiadvány,2
iskolai kiadvány,1
szórakoztató kiadvány,1
szórakoztató kiadvány,1
szórakoztató kiadvány,1
szórakoztató kiadvány,4
szórakoztató kiadvány,1
iskolai kiadvány,1
iskolai kiadvány,3
egyházi-vallási kiadvány,2
egyházi-vallási kiadvány,1
állami működéshez kapcsolódó kiadvány,2
egyházi-vallási kiadvány,11
iskolai kiadvány,7
iskolai kiadvány,3
iskolai kiadvány,3
iskolai kiadvány,6
iskolai kiadvány,2
iskolai kiadvány,1
iskolai kiadvány,11
iskolai kiadvány,6
iskolai kiadvány,22
tudományos kiadvány,14
iskolai kiadvány,2
iskolai kiadvány,8
alkalmi kiadvány,2
iskolai kiadvány,2
iskolai kiadvány,3
iskolai kiadvány,15
iskolai kiadvány,2
iskolai kiadvány,4
iskolai kiadvány,3
iskolai kiadvány,4
iskolai kiadvány,2
iskolai kiadvány,2
iskolai kiadvány,2
iskolai kiadvány,1
iskolai kiadvány,1
iskolai kiadvány,2
iskolai kiadvány,6
iskolai kiadvány,1
iskolai kiadvány,1
iskolai kiadvány,2
iskolai kiadvány,40
iskolai kiadvány,17
állami működéshez kapcsolódó kiadvány,1
iskolai kiadvány,9
iskolai kiadvány,4
iskolai kiadvány,2
iskolai kiadvány,3
iskolai kiadvány,3
iskolai kiadvány,9
iskolai kiadvány,5
iskolai kiadvány,2
egyházi-vallási kiadvány,4
egyházi-vallási kiadvány,4
egyházi-vallási kiadvány,1
alkalmi kiadvány,1
alkalmi kiadvány,2
alkalmi kiadvány,1
iskolai kiadvány,2
alkalmi kiadvány,1
állami működéshez kapcsolódó kiadvány,2
alkalmi kiadvány,2
szórakoztató kiadvány,2
egyházi-vallási kiadvány,18
egyházi-vallási kiadvány,5
egyházi-vallási kiadvány,25
egyházi-vallási kiadvány,45
egyházi-vallási kiadvány,8
egyházi-vallási kiadvány,4
egyházi-vallási kiadvány,44
egyházi-vallási kiadvány,7
egyházi-vallási kiadvány,2
egyházi-vallási kiadvány,1
egyházi-vallási kiadvány,7
egyházi-vallási kiadvány,1
egyházi-vallási kiadvány,13
egyházi-vallási kiadvány,37
egyházi-vallási kiadvány,47
egyházi-vallási kiadvány,19
szórakoztató kiadvány,1
iskolai kiadvány,4
iskolai kiadvány,2
iskolai kiadvány,1
szórakoztató kiadvány,1
iskolai kiadvány,5
alkalmi kiadvány,3
szórakoztató kiadvány,1
szórakoztató kiadvány,5
szórakoztató kiadvány,2
állami működéshez kapcsolódó kiadvány,8
szórakoztató kiadvány,1
szórakoztató kiadvány,1
tudományos kiadvány,6
alkalmi kiadvány,1
alkalmi kiadvány,2
szórakoztató kiadvány,5
egyházi-vallási kiadvány,1
egyházi-vallási kiadvány,1
egyházi-vallási kiadvány,1
iskolai kiadvány,1
alkalmi kiadvány,5
alkalmi kiadvány,9
iskolai kiadvány,2
egyházi-vallási kiadvány,7
egyházi-vallási kiadvány,18
egyházi-vallási kiadvány,21
alkalmi kiadvány,1
alkalmi kiadvány,3
alkalmi kiadvány,1
egyházi-vallási kiadvány,2
egyházi-vallási kiadvány,2
egyházi-vallási kiadvány,2
egyházi-vallási kiadvány,1
egyházi-vallási kiadvány,1
egyházi-vallási kiadvány,2
egyházi-vallási kiadvány,7
egyházi-vallási kiadvány,4
egyházi-vallási kiadvány,4
egyházi-vallási kiadvány,19
egyházi-vallási kiadvány,2
egyházi-vallási kiadvány,11
egyházi-vallási kiadvány,4
egyházi-vallási kiadvány,4
egyházi-vallási kiadvány,10
egyházi-vallási kiadvány,6
egyházi-vallási kiadvány,5
egyházi-vallási kiadvány,11
egyházi-vallási kiadvány,1
egyházi-vallási kiadvány,7
egyházi-vallási kiadvány,12
egyházi-vallási kiadvány,13
egyházi-vallási kiadvány,6
egyházi-vallási kiadvány,4
egyházi-vallási kiadvány,7
iskolai kiadvány,2
egyházi-vallási kiadvány,1
egyházi-vallási kiadvány,3
egyházi-vallási kiadvány,6
egyházi-vallási kiadvány,2
egyházi-vallási kiadvány,3
egyházi-vallási kiadvány,2
egyházi-vallási kiadvány,15
alkalmi kiadvány,1
egyházi-vallási kiadvány,1
egyházi-vallási kiadvány,10
iskolai kiadvány,2
iskolai kiadvány,2
egyházi-vallási kiadvány,2
egyházi-vallási kiadvány,2
egyházi-vallási kiadvány,3
egyházi-vallási kiadvány,3
egyházi-vallási kiadvány,13
alkalmi kiadvány,1
alkalmi kiadvány,1
szórakoztató kiadvány,2
egyházi-vallási kiadvány,1
egyházi-vallási kiadvány,4
szórakoztató kiadvány,1
iskolai kiadvány,1
iskolai kiadvány,1
állami működéshez kapcsolódó kiadvány,1
alkalmi kiadvány,1
iskolai kiadvány,1
iskolai kiadvány,1
állami működéshez kapcsolódó kiadvány,1
egyházi-vallási kiadvány,9
egyházi-vallási kiadvány,22
egyházi-vallási kiadvány,24
szórakoztató kiadvány,1
szórakoztató kiadvány,1
egyházi-vallási kiadvány,6
egyházi-vallási kiadvány,12
egyházi-vallási kiadvány,1
iskolai kiadvány,6
egyházi-vallási kiadvány,7
egyházi-vallási kiadvány,1
egyházi-vallási kiadvány,2
iskolai kiadvány,11
iskolai kiadvány,1
egyházi-vallási kiadvány,3
egyházi-vallási kiadvány,1
iskolai kiadvány,3
egyházi-vallási kiadvány,2
egyházi-vallási kiadvány,9
egyházi-vallási kiadvány,1
egyházi-vallási kiadvány,18
egyházi-vallási kiadvány,14
szórakoztató kiadvány,1
iskolai kiadvány,1
iskolai kiadvány,1
iskolai kiadvány,1
iskolai kiadvány,1
iskolai kiadvány,1
iskolai kiadvány,1
iskolai kiadvány,1
iskolai kiadvány,2
iskolai kiadvány,1
iskolai kiadvány,1
alkalmi kiadvány,2
egyházi-vallási kiadvány,1
egyházi-vallási kiadvány,13
állami működéshez kapcsolódó kiadvány,58
egyházi-vallási kiadvány,2
egyházi-vallási kiadvány,10
egyházi-vallási kiadvány,23
egyházi-vallási kiadvány,13
egyházi-vallási kiadvány,31
alkalmi kiadvány,1
alkalmi kiadvány,1
iskolai kiadvány,2
alkalmi kiadvány,2
egyházi-vallási kiadvány,5
iskolai kiadvány,1
alkalmi kiadvány,1
iskolai kiadvány,1
iskolai kiadvány,1
iskolai kiadvány,1
iskolai kiadvány,2
iskolai kiadvány,2
alkalmi kiadvány,1
alkalmi kiadvány,1
alkalmi kiadvány,1
alkalmi kiadvány,4
egyházi-vallási kiadvány,15
egyházi-vallási kiadvány,4
alkalmi kiadvány,1
egyházi-vallási kiadvány,15
szórakoztató kiadvány,1
szórakoztató kiadvány,1
szórakoztató kiadvány,1
egyházi-vallási kiadvány,44
egyházi-vallási kiadvány,26
egyházi-vallási kiadvány,27
szórakoztató kiadvány,1
szórakoztató kiadvány,1
szórakoztató kiadvány,1
iskolai kiadvány,3
egyházi-vallási kiadvány,3
iskolai kiadvány,2
állami működéshez kapcsolódó kiadvány,2
tudományos kiadvány,14
szórakoztató kiadvány,4
szórakoztató kiadvány,2
szórakoztató kiadvány,1
állami működéshez kapcsolódó kiadvány,1
állami működéshez kapcsolódó kiadvány,1
állami működéshez kapcsolódó kiadvány,11
szórakoztató kiadvány,1
szórakoztató kiadvány,1
szórakoztató kiadvány,1
szórakoztató kiadvány,1
szórakoztató kiadvány,3
szórakoztató kiadvány,6
alkalmi kiadvány,2
egyházi-vallási kiadvány,1
egyházi-vallási kiadvány,4
alkalmi kiadvány,2
iskolai kiadvány,5
egyházi-vallási kiadvány,16
egyházi-vallási kiadvány,15
alkalmi kiadvány,1
állami működéshez kapcsolódó kiadvány,8
egyházi-vallási kiadvány,9
állami működéshez kapcsolódó kiadvány,1
egyházi-vallási kiadvány,3
egyházi-vallási kiadvány,5
iskolai kiadvány,7
iskolai kiadvány,6
egyházi-vallási kiadvány,4
iskolai kiadvány,7
egyházi-vallási kiadvány,9
iskolai kiadvány,3
egyházi-vallási kiadvány,12
egyházi-vallási kiadvány,12
iskolai kiadvány,2
alkalmi kiadvány,2
alkalmi kiadvány,2
iskolai kiadvány,5
iskolai kiadvány,1
egyházi-vallási kiadvány,4
egyházi-vallási kiadvány,9
egyházi-vallási kiadvány,17
egyházi-vallási kiadvány,19
egyházi-vallási kiadvány,17
egyházi-vallási kiadvány,4
egyházi-vallási kiadvány,8
egyházi-vallási kiadvány,14
egyházi-vallási kiadvány,39
egyházi-vallási kiadvány,1
egyházi-vallási kiadvány,1
egyházi-vallási kiadvány,4
tudományos kiadvány,1
egyházi-vallási kiadvány,2
egyházi-vallási kiadvány,1
egyházi-vallási kiadvány,2
szórakoztató kiadvány,2
alkalmi kiadvány,1
egyházi-vallási kiadvány,2
alkalmi kiadvány,4
alkalmi kiadvány,1
iskolai kiadvány,2
állami működéshez kapcsolódó kiadvány,37
állami működéshez kapcsolódó kiadvány,35
állami működéshez kapcsolódó kiadvány,17
alkalmi kiadvány,1
tudományos kiadvány,1
alkalmi kiadvány,1
alkalmi kiadvány,1
alkalmi kiadvány,1
alkalmi kiadvány,1
alkalmi kiadvány,1
tudományos kiadvány,39
alkalmi kiadvány,1
alkalmi kiadvány,1
tudományos kiadvány,7
alkalmi kiadvány,2
alkalmi kiadvány,1
alkalmi kiadvány,12
alkalmi kiadvány,1
alkalmi kiadvány,1
alkalmi kiadvány,3
alkalmi kiadvány,3
alkalmi kiadvány,1
alkalmi kiadvány,1
szórakoztató kiadvány,2
szórakoztató kiadvány,4
alkalmi kiadvány,1
alkalmi kiadvány,1
alkalmi kiadvány,1
alkalmi kiadvány,3
alkalmi kiadvány,2
egyházi-vallási kiadvány,1
alkalmi kiadvány,4
egyházi-vallási kiadvány,38
egyházi-vallási kiadvány,38
iskolai kiadvány,42
egyházi-vallási kiadvány,34
egyházi-vallási kiadvány,43
egyházi-vallási kiadvány,9
egyházi-vallási kiadvány,35
egyházi-vallási kiadvány,3
egyházi-vallási kiadvány,1
iskolai kiadvány,1
egyházi-vallási kiadvány,1
szórakoztató kiadvány,1
szórakoztató kiadvány,1
szórakoztató kiadvány,1
szórakoztató kiadvány,1
egyházi-vallási kiadvány,2
egyházi-vallási kiadvány,1
egyházi-vallási kiadvány,1
egyházi-vallási kiadvány,1
egyházi-vallási kiadvány,1
egyházi-vallási kiadvány,50
alkalmi kiadvány,1
alkalmi kiadvány,1
iskolai kiadvány,2
iskolai kiadvány,2
iskolai kiadvány,2
iskolai kiadvány,2
iskolai kiadvány,2
iskolai kiadvány,2
alkalmi kiadvány,1
szórakoztató kiadvány,3
egyházi-vallási kiadvány,1
egyházi-vallási kiadvány,1
egyházi-vallási kiadvány,5
egyházi-vallási kiadvány,1
egyházi-vallási kiadvány,5
egyházi-vallási kiadvány,11
egyházi-vallási kiadvány,13
egyházi-vallási kiadvány,12
szórakoztató kiadvány,1
szórakoztató kiadvány,3
szórakoztató kiadvány,6
szórakoztató kiadvány,2
egyházi-vallási kiadvány,12
állami működéshez kapcsolódó kiadvány,2
iskolai kiadvány,1
iskolai kiadvány,6
iskolai kiadvány,3
iskolai kiadvány,7
iskolai kiadvány,4
egyházi-vallási kiadvány,1
iskolai kiadvány,3
iskolai kiadvány,2
tudományos kiadvány,1
állami működéshez kapcsolódó kiadvány,1
egyházi-vallási kiadvány,5
egyházi-vallási kiadvány,2
egyházi-vallási kiadvány,9
egyházi-vallási kiadvány,3
egyházi-vallási kiadvány,4
szórakoztató kiadvány,1
alkalmi kiadvány,1
alkalmi kiadvány,1
alkalmi kiadvány,1
alkalmi kiadvány,1
iskolai kiadvány,1
alkalmi kiadvány,1
iskolai kiadvány,1
iskolai kiadvány,1
iskolai kiadvány,1
egyházi-vallási kiadvány,1
alkalmi kiadvány,1
alkalmi kiadvány,1
alkalmi kiadvány,2
tudományos kiadvány,2
egyházi-vallási kiadvány,13
állami működéshez kapcsolódó kiadvány,1
szórakoztató kiadvány,1
szórakoztató kiadvány,3
egyházi-vallási kiadvány,2
egyházi-vallási kiadvány,29
iskolai kiadvány,1
alkalmi kiadvány,1
alkalmi kiadvány,3
állami működéshez kapcsolódó kiadvány,1
szórakoztató kiadvány,4
egyházi-vallási kiadvány,3
egyházi-vallási kiadvány,8
egyházi-vallási kiadvány,2
egyházi-vallási kiadvány,1
iskolai kiadvány,3
iskolai kiadvány,2
iskolai kiadvány,3
iskolai kiadvány,1
alkalmi kiadvány,2
alkalmi kiadvány,2
alkalmi kiadvány,4
alkalmi kiadvány,1
alkalmi kiadvány,4
egyházi-vallási kiadvány,7
egyházi-vallási kiadvány,14
egyházi-vallási kiadvány,2
egyházi-vallási kiadvány,1
állami működéshez kapcsolódó kiadvány,18
egyházi-vallási kiadvány,1
tudományos kiadvány,30
alkalmi kiadvány,3
alkalmi kiadvány,1
alkalmi kiadvány,4
alkalmi kiadvány,1
egyházi-vallási kiadvány,5
egyházi-vallási kiadvány,13
egyházi-vallási kiadvány,1
alkalmi kiadvány,1
iskolai kiadvány,3
iskolai kiadvány,4
iskolai kiadvány,2
iskolai kiadvány,2
iskolai kiadvány,6
iskolai kiadvány,4
iskolai kiadvány,5
iskolai kiadvány,5
iskolai kiadvány,3
egyházi-vallási kiadvány,3
egyházi-vallási kiadvány,9
egyházi-vallási kiadvány,9
szórakoztató kiadvány,3
egyházi-vallási kiadvány,7
szórakoztató kiadvány,6
egyházi-vallási kiadvány,15
egyházi-vallási kiadvány,8
szórakoztató kiadvány,1
tudományos kiadvány,39
szórakoztató kiadvány,1
szórakoztató kiadvány,1
szórakoztató kiadvány,2
szórakoztató kiadvány,1
egyházi-vallási kiadvány,1
egyházi-vallási kiadvány,2
egyházi-vallási kiadvány,1
egyházi-vallási kiadvány,4
egyházi-vallási kiadvány,1
egyházi-vallási kiadvány,1
egyházi-vallási kiadvány,2
alkalmi kiadvány,1
egyházi-vallási kiadvány,1
szórakoztató kiadvány,1
állami működéshez kapcsolódó kiadvány,1
egyházi-vallási kiadvány,1
iskolai kiadvány,2
iskolai kiadvány,1
iskolai kiadvány,2
szórakoztató kiadvány,1
alkalmi kiadvány,1
alkalmi kiadvány,1
iskolai kiadvány,2
iskolai kiadvány,4
iskolai kiadvány,6
iskolai kiadvány,5
egyházi-vallási kiadvány,1
alkalmi kiadvány,1
iskolai kiadvány,1
egyházi-vallási kiadvány,20
egyházi-vallási kiadvány,2
egyházi-vallási kiadvány,2
egyházi-vallási kiadvány,9
tudományos kiadvány,6
egyházi-vallási kiadvány,2
tudományos kiadvány,1
alkalmi kiadvány,1
iskolai kiadvány,1
egyházi-vallási kiadvány,1
egyházi-vallási kiadvány,2
egyházi-vallási kiadvány,2
szórakoztató kiadvány,1
tudományos kiadvány,27
iskolai kiadvány,2
állami működéshez kapcsolódó kiadvány,12
iskolai kiadvány,2
iskolai kiadvány,3
iskolai kiadvány,8
egyházi-vallási kiadvány,3
állami működéshez kapcsolódó kiadvány,13
állami működéshez kapcsolódó kiadvány,2
iskolai kiadvány,1
iskolai kiadvány,1
iskolai kiadvány,1
iskolai kiadvány,1
szórakoztató kiadvány,1
iskolai kiadvány,2
iskolai kiadvány,1
egyházi-vallási kiadvány,3
egyházi-vallási kiadvány,7
iskolai kiadvány,9
iskolai kiadvány,8
egyházi-vallási kiadvány,14
egyházi-vallási kiadvány,6
alkalmi kiadvány,1
iskolai kiadvány,3
egyházi-vallási kiadvány,6
egyházi-vallási kiadvány,11
egyházi-vallási kiadvány,5
egyházi-vallási kiadvány,10
egyházi-vallási kiadvány,6
egyházi-vallási kiadvány,1
egyházi-vallási kiadvány,1
alkalmi kiadvány,1
egyházi-vallási kiadvány,2
alkalmi kiadvány,1
állami működéshez kapcsolódó kiadvány,1
alkalmi kiadvány,7
egyházi-vallási kiadvány,1
szórakoztató kiadvány,3
szórakoztató kiadvány,1
szórakoztató kiadvány,2
szórakoztató kiadvány,1
szórakoztató kiadvány,1
szórakoztató kiadvány,2
alkalmi kiadvány,1
egyházi-vallási kiadvány,2
egyházi-vallási kiadvány,1
szórakoztató kiadvány,1
szórakoztató kiadvány,1
szórakoztató kiadvány,2
iskolai kiadvány,4
egyházi-vallási kiadvány,1
egyházi-vallási kiadvány,5
egyházi-vallási kiadvány,29
egyházi-vallási kiadvány,5
szórakoztató kiadvány,5
állami működéshez kapcsolódó kiadvány,3
szórakoztató kiadvány,1
szórakoztató kiadvány,1
szórakoztató kiadvány,1
szórakoztató kiadvány,1
szórakoztató kiadvány,2
szórakoztató kiadvány,2
szórakoztató kiadvány,1
szórakoztató kiadvány,3
szórakoztató kiadvány,2
szórakoztató kiadvány,2
szórakoztató kiadvány,1
szórakoztató kiadvány,1
szórakoztató kiadvány,1
szórakoztató kiadvány,1
szórakoztató kiadvány,1
szórakoztató kiadvány,1
alkalmi kiadvány,1
szórakoztató kiadvány,2
szórakoztató kiadvány,1
szórakoztató kiadvány,2
egyházi-vallási kiadvány,18
egyházi-vallási kiadvány,2
egyházi-vallási kiadvány,3
egyházi-vallási kiadvány,13
egyházi-vallási kiadvány,26
egyházi-vallási kiadvány,1
egyházi-vallási kiadvány,1
iskolai kiadvány,2
iskolai kiadvány,3
iskolai kiadvány,9
iskolai kiadvány,4
iskolai kiadvány,7
iskolai kiadvány,2
alkalmi kiadvány,4
szórakoztató kiadvány,3
iskolai kiadvány,8
iskolai kiadvány,3
egyházi-vallási kiadvány,3
iskolai kiadvány,2
szórakoztató kiadvány,1
egyházi-vallási kiadvány,5
egyházi-vallási kiadvány,5
szórakoztató kiadvány,2
szórakoztató kiadvány,3
szórakoztató kiadvány,1
szórakoztató kiadvány,1
alkalmi kiadvány,1
iskolai kiadvány,24
iskolai kiadvány,1
alkalmi kiadvány,1
állami működéshez kapcsolódó kiadvány,3
alkalmi kiadvány,1
egyházi-vallási kiadvány,1
alkalmi kiadvány,1
alkalmi kiadvány,2
tudományos kiadvány,1
egyházi-vallási kiadvány,2
szórakoztató kiadvány,2
alkalmi kiadvány,1
alkalmi kiadvány,2
egyházi-vallási kiadvány,8
egyházi-vallási kiadvány,6
alkalmi kiadvány,2
egyházi-vallási kiadvány,1
egyházi-vallási kiadvány,3
egyházi-vallási kiadvány,16
egyházi-vallási kiadvány,10
egyházi-vallási kiadvány,1
állami működéshez kapcsolódó kiadvány,1
szórakoztató kiadvány,1
szórakoztató kiadvány,2
szórakoztató kiadvány,1
szórakoztató kiadvány,2
egyházi-vallási kiadvány,120
egyházi-vallási kiadvány,102
egyházi-vallási kiadvány,10
állami működéshez kapcsolódó kiadvány,3
alkalmi kiadvány,6
alkalmi kiadvány,2
iskolai kiadvány,5
iskolai kiadvány,3
iskolai kiadvány,4
iskolai kiadvány,2
alkalmi kiadvány,1
egyházi-vallási kiadvány,3
egyházi-vallási kiadvány,1
egyházi-vallási kiadvány,2
iskolai kiadvány,1
egyházi-vallási kiadvány,1
egyházi-vallási kiadvány,6
egyházi-vallási kiadvány,12
egyházi-vallási kiadvány,5
iskolai kiadvány,8
iskolai kiadvány,1
iskolai kiadvány,8
iskolai kiadvány,1
egyházi-vallási kiadvány,2
egyházi-vallási kiadvány,1
egyházi-vallási kiadvány,5
alkalmi kiadvány,1
állami működéshez kapcsolódó kiadvány,33
alkalmi kiadvány,1
egyházi-vallási kiadvány,32
egyházi-vallási kiadvány,2
egyházi-vallási kiadvány,1
egyházi-vallási kiadvány,1
egyházi-vallási kiadvány,2
egyházi-vallási kiadvány,6
egyházi-vallási kiadvány,2
egyházi-vallási kiadvány,6
egyházi-vallási kiadvány,8
egyházi-vallási kiadvány,8
egyházi-vallási kiadvány,2
egyházi-vallási kiadvány,1
egyházi-vallási kiadvány,5
alkalmi kiadvány,3
egyházi-vallási kiadvány,1
egyházi-vallási kiadvány,5
egyházi-vallási kiadvány,7
alkalmi kiadvány,1
iskolai kiadvány,1
egyházi-vallási kiadvány,2
alkalmi kiadvány,3
iskolai kiadvány,4
egyházi-vallási kiadvány,9
egyházi-vallási kiadvány,11
egyházi-vallási kiadvány,24
egyházi-vallási kiadvány,18
egyházi-vallási kiadvány,18
egyházi-vallási kiadvány,26
egyházi-vallási kiadvány,6
egyházi-vallási kiadvány,1
egyházi-vallási kiadvány,27
egyházi-vallási kiadvány,22
egyházi-vallási kiadvány,2
egyházi-vallási kiadvány,9
egyházi-vallási kiadvány,3
egyházi-vallási kiadvány,2
tudományos kiadvány,28
iskolai kiadvány,34
tudományos kiadvány,6
tudományos kiadvány,1
egyházi-vallási kiadvány,3
egyházi-vallási kiadvány,15
iskolai kiadvány,1
iskolai kiadvány,3
egyházi-vallási kiadvány,5
egyházi-vallási kiadvány,3
egyházi-vallási kiadvány,2
egyházi-vallási kiadvány,3
egyházi-vallási kiadvány,1
egyházi-vallási kiadvány,2
egyházi-vallási kiadvány,5
egyházi-vallási kiadvány,3
egyházi-vallási kiadvány,1
iskolai kiadvány,3
egyházi-vallási kiadvány,1
egyházi-vallási kiadvány,6
egyházi-vallási kiadvány,10
egyházi-vallási kiadvány,5
egyházi-vallási kiadvány,3
egyházi-vallási kiadvány,5
állami működéshez kapcsolódó kiadvány,46
állami működéshez kapcsolódó kiadvány,29
alkalmi kiadvány,1
iskolai kiadvány,3
alkalmi kiadvány,2
egyházi-vallási kiadvány,2
alkalmi kiadvány,1
alkalmi kiadvány,1
alkalmi kiadvány,1
alkalmi kiadvány,2
alkalmi kiadvány,1
egyházi-vallási kiadvány,4
iskolai kiadvány,1
alkalmi kiadvány,2
egyházi-vallási kiadvány,10
iskolai kiadvány,1
alkalmi kiadvány,1
alkalmi kiadvány,5
alkalmi kiadvány,11
alkalmi kiadvány,2
alkalmi kiadvány,1
egyházi-vallási kiadvány,1
egyházi-vallási kiadvány,2
szórakoztató kiadvány,1
szórakoztató kiadvány,1
szórakoztató kiadvány,2
szórakoztató kiadvány,3
iskolai kiadvány,1
iskolai kiadvány,1
iskolai kiadvány,3
iskolai kiadvány,4
iskolai kiadvány,1
iskolai kiadvány,1
egyházi-vallási kiadvány,32
egyházi-vallási kiadvány,3
egyházi-vallási kiadvány,2
iskolai kiadvány,2
egyházi-vallási kiadvány,21
egyházi-vallási kiadvány,30
tudományos kiadvány,2
egyházi-vallási kiadvány,26
egyházi-vallási kiadvány,2
egyházi-vallási kiadvány,1
egyházi-vallási kiadvány,53
egyházi-vallási kiadvány,6
egyházi-vallási kiadvány,32
egyházi-vallási kiadvány,3
egyházi-vallási kiadvány,25
egyházi-vallási kiadvány,10
egyházi-vallási kiadvány,59
egyházi-vallási kiadvány,2
egyházi-vallási kiadvány,7
egyházi-vallási kiadvány,2
egyházi-vallási kiadvány,1
egyházi-vallási kiadvány,3
tudományos kiadvány,1
egyházi-vallási kiadvány,12
egyházi-vallási kiadvány,21
egyházi-vallási kiadvány,1
egyházi-vallási kiadvány,3
állami működéshez kapcsolódó kiadvány,4
állami működéshez kapcsolódó kiadvány,8
iskolai kiadvány,1
egyházi-vallási kiadvány,3
egyházi-vallási kiadvány,3
állami működéshez kapcsolódó kiadvány,1
állami működéshez kapcsolódó kiadvány,1
egyházi-vallási kiadvány,14
iskolai kiadvány,5
iskolai kiadvány,5
egyházi-vallási kiadvány,2
egyházi-vallási kiadvány,23
egyházi-vallási kiadvány,1
egyházi-vallási kiadvány,31
egyházi-vallási kiadvány,1
egyházi-vallási kiadvány,10
egyházi-vallási kiadvány,10
szórakoztató kiadvány,3
szórakoztató kiadvány,1
egyházi-vallási kiadvány,1
egyházi-vallási kiadvány,2
alkalmi kiadvány,5
iskolai kiadvány,1
egyházi-vallási kiadvány,4
iskolai kiadvány,5
iskolai kiadvány,1
iskolai kiadvány,5
iskolai kiadvány,4
iskolai kiadvány,2
iskolai kiadvány,3
iskolai kiadvány,3
iskolai kiadvány,1
iskolai kiadvány,4
iskolai kiadvány,3
egyházi-vallási kiadvány,2
egyházi-vallási kiadvány,1
egyházi-vallási kiadvány,1
egyházi-vallási kiadvány,20
egyházi-vallási kiadvány,6
egyházi-vallási kiadvány,10
egyházi-vallási kiadvány,1
egyházi-vallási kiadvány,2
egyházi-vallási kiadvány,1
szórakoztató kiadvány,2
szórakoztató kiadvány,3
egyházi-vallási kiadvány,5
tudományos kiadvány,4
egyházi-vallási kiadvány,7
egyházi-vallási kiadvány,3
tudományos kiadvány,1
iskolai kiadvány,1
iskolai kiadvány,1
iskolai kiadvány,7
iskolai kiadvány,6
szórakoztató kiadvány,7
iskolai kiadvány,1
iskolai kiadvány,5
iskolai kiadvány,7
iskolai kiadvány,1
egyházi-vallási kiadvány,1
iskolai kiadvány,1
iskolai kiadvány,1
iskolai kiadvány,2
iskolai kiadvány,3
alkalmi kiadvány,3
iskolai kiadvány,5
alkalmi kiadvány,5
egyházi-vallási kiadvány,3
egyházi-vallási kiadvány,2
alkalmi kiadvány,3
alkalmi kiadvány,4
szórakoztató kiadvány,1
alkalmi kiadvány,3
egyházi-vallási kiadvány,1
egyházi-vallási kiadvány,2
alkalmi kiadvány,1
iskolai kiadvány,3
iskolai kiadvány,2
egyházi-vallási kiadvány,7
egyházi-vallási kiadvány,5
egyházi-vallási kiadvány,11
egyházi-vallási kiadvány,18
egyházi-vallási kiadvány,3
egyházi-vallási kiadvány,11
egyházi-vallási kiadvány,5
állami működéshez kapcsolódó kiadvány,13
állami működéshez kapcsolódó kiadvány,1
egyházi-vallási kiadvány,3
szórakoztató kiadvány,1
egyházi-vallási kiadvány,11
egyházi-vallási kiadvány,1
iskolai kiadvány,3
alkalmi kiadvány,2
állami működéshez kapcsolódó kiadvány,1
egyházi-vallási kiadvány,2
egyházi-vallási kiadvány,12
egyházi-vallási kiadvány,17
szórakoztató kiadvány,2
szórakoztató kiadvány,2
egyházi-vallási kiadvány,1
egyházi-vallási kiadvány,1
egyházi-vallási kiadvány,1
iskolai kiadvány,2
állami működéshez kapcsolódó kiadvány,1
állami működéshez kapcsolódó kiadvány,1
egyházi-vallási kiadvány,1
egyházi-vallási kiadvány,2
egyházi-vallási kiadvány,2
egyházi-vallási kiadvány,1
egyházi-vallási kiadvány,1
alkalmi kiadvány,16
állami működéshez kapcsolódó kiadvány,46
alkalmi kiadvány,3
alkalmi kiadvány,1
egyházi-vallási kiadvány,5
egyházi-vallási kiadvány,11
egyházi-vallási kiadvány,2
egyházi-vallási kiadvány,54
egyházi-vallási kiadvány,1
alkalmi kiadvány,4
egyházi-vallási kiadvány,12
egyházi-vallási kiadvány,2
egyházi-vallási kiadvány,2
egyházi-vallási kiadvány,1
egyházi-vallási kiadvány,1
egyházi-vallási kiadvány,1
egyházi-vallási kiadvány,1
iskolai kiadvány,1
egyházi-vallási kiadvány,2
egyházi-vallási kiadvány,2
egyházi-vallási kiadvány,1
egyházi-vallási kiadvány,1
egyházi-vallási kiadvány,5
egyházi-vallási kiadvány,1
egyházi-vallási kiadvány,1
egyházi-vallási kiadvány,1
egyházi-vallási kiadvány,2
egyházi-vallási kiadvány,1
egyházi-vallási kiadvány,1
egyházi-vallási kiadvány,2
egyházi-vallási kiadvány,3
egyházi-vallási kiadvány,1
egyházi-vallási kiadvány,1
iskolai kiadvány,1
alkalmi kiadvány,1
szórakoztató kiadvány,1
alkalmi kiadvány,1
alkalmi kiadvány,1
egyházi-vallási kiadvány,6
egyházi-vallási kiadvány,4
egyházi-vallási kiadvány,19
egyházi-vallási kiadvány,6
egyházi-vallási kiadvány,20
egyházi-vallási kiadvány,5
egyházi-vallási kiadvány,2
egyházi-vallási kiadvány,1
tudományos kiadvány,2
egyházi-vallási kiadvány,2
egyházi-vallási kiadvány,5
egyházi-vallási kiadvány,3
egyházi-vallási kiadvány,3
iskolai kiadvány,4
alkalmi kiadvány,1
egyházi-vallási kiadvány,1
iskolai kiadvány,3
iskolai kiadvány,1
egyházi-vallási kiadvány,1
egyházi-vallási kiadvány,2
egyházi-vallási kiadvány,6
iskolai kiadvány,5
alkalmi kiadvány,1
iskolai kiadvány,1
egyházi-vallási kiadvány,8
egyházi-vallási kiadvány,3
egyházi-vallási kiadvány,17
egyházi-vallási kiadvány,12
egyházi-vallási kiadvány,10
egyházi-vallási kiadvány,9
egyházi-vallási kiadvány,16
alkalmi kiadvány,1
alkalmi kiadvány,2
egyházi-vallási kiadvány,1
alkalmi kiadvány,1
egyházi-vallási kiadvány,2
egyházi-vallási kiadvány,1
egyházi-vallási kiadvány,1
iskolai kiadvány,10
iskolai kiadvány,11
tudományos kiadvány,7
egyházi-vallási kiadvány,28
egyházi-vallási kiadvány,6
egyházi-vallási kiadvány,34
egyházi-vallási kiadvány,29
egyházi-vallási kiadvány,32
alkalmi kiadvány,2
állami működéshez kapcsolódó kiadvány,1
alkalmi kiadvány,2
állami működéshez kapcsolódó kiadvány,1
egyházi-vallási kiadvány,21
egyházi-vallási kiadvány,44
állami működéshez kapcsolódó kiadvány,4
iskolai kiadvány,13
egyházi-vallási kiadvány,1
alkalmi kiadvány,1
alkalmi kiadvány,1
egyházi-vallási kiadvány,7
egyházi-vallási kiadvány,25
egyházi-vallási kiadvány,6
egyházi-vallási kiadvány,21
egyházi-vallási kiadvány,19
egyházi-vallási kiadvány,6
egyházi-vallási kiadvány,32
egyházi-vallási kiadvány,18
tudományos kiadvány,7
alkalmi kiadvány,5
egyházi-vallási kiadvány,3
alkalmi kiadvány,27
egyházi-vallási kiadvány,1
egyházi-vallási kiadvány,2
egyházi-vallási kiadvány,20
egyházi-vallási kiadvány,18
egyházi-vallási kiadvány,20
egyházi-vallási kiadvány,15
egyházi-vallási kiadvány,18
egyházi-vallási kiadvány,7
egyházi-vallási kiadvány,21
egyházi-vallási kiadvány,9
egyházi-vallási kiadvány,13
egyházi-vallási kiadvány,10
egyházi-vallási kiadvány,8
egyházi-vallási kiadvány,8
egyházi-vallási kiadvány,2
egyházi-vallási kiadvány,10
egyházi-vallási kiadvány,9
egyházi-vallási kiadvány,2
egyházi-vallási kiadvány,4
egyházi-vallási kiadvány,24
egyházi-vallási kiadvány,3
egyházi-vallási kiadvány,30
egyházi-vallási kiadvány,15
alkalmi kiadvány,2
egyházi-vallási kiadvány,1
egyházi-vallási kiadvány,1
iskolai kiadvány,1
egyházi-vallási kiadvány,3
iskolai kiadvány,1
egyházi-vallási kiadvány,6
iskolai kiadvány,2
egyházi-vallási kiadvány,1
iskolai kiadvány,7
iskolai kiadvány,1
iskolai kiadvány,1
iskolai kiadvány,1
egyházi-vallási kiadvány,1
iskolai kiadvány,7
iskolai kiadvány,4
alkalmi kiadvány,1
szórakoztató kiadvány,1
egyházi-vallási kiadvány,1
egyházi-vallási kiadvány,3
egyházi-vallási kiadvány,1
egyházi-vallási kiadvány,1
egyházi-vallási kiadvány,3
egyházi-vallási kiadvány,6
egyházi-vallási kiadvány,1
egyházi-vallási kiadvány,2
egyházi-vallási kiadvány,1
egyházi-vallási kiadvány,13
egyházi-vallási kiadvány,15
egyházi-vallási kiadvány,3
egyházi-vallási kiadvány,4
egyházi-vallási kiadvány,19
egyházi-vallási kiadvány,1
egyházi-vallási kiadvány,1
egyházi-vallási kiadvány,5
egyházi-vallási kiadvány,1
egyházi-vallási kiadvány,1
egyházi-vallási kiadvány,1
egyházi-vallási kiadvány,1
tudományos kiadvány,18
egyházi-vallási kiadvány,1
egyházi-vallási kiadvány,11
egyházi-vallási kiadvány,9
egyházi-vallási kiadvány,5
alkalmi kiadvány,1
egyházi-vallási kiadvány,1
egyházi-vallási kiadvány,7
egyházi-vallási kiadvány,6
egyházi-vallási kiadvány,3
egyházi-vallási kiadvány,1
egyházi-vallási kiadvány,1
egyházi-vallási kiadvány,3
egyházi-vallási kiadvány,7
egyházi-vallási kiadvány,12
iskolai kiadvány,1
egyházi-vallási kiadvány,13
tudományos kiadvány,49
alkalmi kiadvány,2
egyházi-vallási kiadvány,15
egyházi-vallási kiadvány,2
egyházi-vallási kiadvány,13
egyházi-vallási kiadvány,23
egyházi-vallási kiadvány,14
egyházi-vallási kiadvány,1
egyházi-vallási kiadvány,8
egyházi-vallási kiadvány,23
alkalmi kiadvány,1
alkalmi kiadvány,1
tudományos kiadvány,4
tudományos kiadvány,5
egyházi-vallási kiadvány,1
tudományos kiadvány,3
egyházi-vallási kiadvány,1
alkalmi kiadvány,1
iskolai kiadvány,1
egyházi-vallási kiadvány,3
tudományos kiadvány,2
állami működéshez kapcsolódó kiadvány,3
egyházi-vallási kiadvány,1
egyházi-vallási kiadvány,4
tudományos kiadvány,7
egyházi-vallási kiadvány,1
iskolai kiadvány,1
iskolai kiadvány,1
iskolai kiadvány,2
iskolai kiadvány,1
iskolai kiadvány,2
iskolai kiadvány,1
iskolai kiadvány,1
iskolai kiadvány,1
iskolai kiadvány,1
iskolai kiadvány,1
iskolai kiadvány,3
iskolai kiadvány,1
iskolai kiadvány,2
iskolai kiadvány,1
iskolai kiadvány,1
iskolai kiadvány,1
egyházi-vallási kiadvány,27
egyházi-vallási kiadvány,40
egyházi-vallási kiadvány,37
egyházi-vallási kiadvány,8
egyházi-vallási kiadvány,18
egyházi-vallási kiadvány,1
alkalmi kiadvány,2
szórakoztató kiadvány,1
tudományos kiadvány,1
egyházi-vallási kiadvány,37
szórakoztató kiadvány,2
alkalmi kiadvány,1
szórakoztató kiadvány,4
alkalmi kiadvány,1
egyházi-vallási kiadvány,10
egyházi-vallási kiadvány,3
alkalmi kiadvány,1
alkalmi kiadvány,1
egyházi-vallási kiadvány,4
iskolai kiadvány,4
állami működéshez kapcsolódó kiadvány,13
egyházi-vallási kiadvány,1
egyházi-vallási kiadvány,2
egyházi-vallási kiadvány,1
egyházi-vallási kiadvány,2
egyházi-vallási kiadvány,7
egyházi-vallási kiadvány,3
egyházi-vallási kiadvány,6
egyházi-vallási kiadvány,5
egyházi-vallási kiadvány,4
egyházi-vallási kiadvány,3
alkalmi kiadvány,3
alkalmi kiadvány,2
egyházi-vallási kiadvány,14
szórakoztató kiadvány,2
szórakoztató kiadvány,2
egyházi-vallási kiadvány,36
egyházi-vallási kiadvány,10
egyházi-vallási kiadvány,1
állami működéshez kapcsolódó kiadvány,3
alkalmi kiadvány,1
alkalmi kiadvány,1
alkalmi kiadvány,5
alkalmi kiadvány,2
alkalmi kiadvány,1
alkalmi kiadvány,1
alkalmi kiadvány,1
alkalmi kiadvány,1
alkalmi kiadvány,2
alkalmi kiadvány,7
alkalmi kiadvány,2
alkalmi kiadvány,1
alkalmi kiadvány,1
alkalmi kiadvány,1
egyházi-vallási kiadvány,2
egyházi-vallási kiadvány,1
egyházi-vallási kiadvány,4
alkalmi kiadvány,1
egyházi-vallási kiadvány,5
egyházi-vallási kiadvány,95
iskolai kiadvány,1
iskolai kiadvány,2
szórakoztató kiadvány,1
egyházi-vallási kiadvány,12
egyházi-vallási kiadvány,4
egyházi-vallási kiadvány,34
alkalmi kiadvány,1
egyházi-vallási kiadvány,1
egyházi-vallási kiadvány,1
egyházi-vallási kiadvány,1
egyházi-vallási kiadvány,2
állami működéshez kapcsolódó kiadvány,20
állami működéshez kapcsolódó kiadvány,30
egyházi-vallási kiadvány,23
egyházi-vallási kiadvány,2
szórakoztató kiadvány,3
egyházi-vallási kiadvány,2
egyházi-vallási kiadvány,47
szórakoztató kiadvány,4
szórakoztató kiadvány,3
egyházi-vallási kiadvány,8
alkalmi kiadvány,2
szórakoztató kiadvány,1
egyházi-vallási kiadvány,2
egyházi-vallási kiadvány,1
iskolai kiadvány,1
alkalmi kiadvány,1
alkalmi kiadvány,1
egyházi-vallási kiadvány,4
egyházi-vallási kiadvány,3
egyházi-vallási kiadvány,11
iskolai kiadvány,1
egyházi-vallási kiadvány,1
egyházi-vallási kiadvány,1
egyházi-vallási kiadvány,8
iskolai kiadvány,10
állami működéshez kapcsolódó kiadvány,11
iskolai kiadvány,6
egyházi-vallási kiadvány,2
állami működéshez kapcsolódó kiadvány,2
egyházi-vallási kiadvány,30
egyházi-vallási kiadvány,28
egyházi-vallási kiadvány,7
egyházi-vallási kiadvány,4
egyházi-vallási kiadvány,5
alkalmi kiadvány,5
iskolai kiadvány,2
alkalmi kiadvány,1
szórakoztató kiadvány,4
iskolai kiadvány,4
egyházi-vallási kiadvány,3
egyházi-vallási kiadvány,1
egyházi-vallási kiadvány,4
állami működéshez kapcsolódó kiadvány,10
szórakoztató kiadvány,1
szórakoztató kiadvány,1
szórakoztató kiadvány,1
szórakoztató kiadvány,2
állami működéshez kapcsolódó kiadvány,44
egyházi-vallási kiadvány,1
egyházi-vallási kiadvány,4
egyházi-vallási kiadvány,5
egyházi-vallási kiadvány,1
egyházi-vallási kiadvány,7
egyházi-vallási kiadvány,13
egyházi-vallási kiadvány,17
alkalmi kiadvány,5
iskolai kiadvány,3
iskolai kiadvány,6
egyházi-vallási kiadvány,14
egyházi-vallási kiadvány,7
egyházi-vallási kiadvány,2
egyházi-vallási kiadvány,14
egyházi-vallási kiadvány,4
egyházi-vallási kiadvány,3
egyházi-vallási kiadvány,9
egyházi-vallási kiadvány,25
egyházi-vallási kiadvány,63
egyházi-vallási kiadvány,2
egyházi-vallási kiadvány,71
egyházi-vallási kiadvány,3
egyházi-vallási kiadvány,37
egyházi-vallási kiadvány,1
egyházi-vallási kiadvány,6
egyházi-vallási kiadvány,5
egyházi-vallási kiadvány,1
egyházi-vallási kiadvány,66
egyházi-vallási kiadvány,134
egyházi-vallási kiadvány,1
egyházi-vallási kiadvány,6
egyházi-vallási kiadvány,3
egyházi-vallási kiadvány,4
egyházi-vallási kiadvány,3
egyházi-vallási kiadvány,13
egyházi-vallási kiadvány,1
egyházi-vallási kiadvány,2
iskolai kiadvány,4
egyházi-vallási kiadvány,2
alkalmi kiadvány,1
egyházi-vallási kiadvány,3
egyházi-vallási kiadvány,4
egyházi-vallási kiadvány,4
egyházi-vallási kiadvány,10
egyházi-vallási kiadvány,4
egyházi-vallási kiadvány,20
állami működéshez kapcsolódó kiadvány,2
egyházi-vallási kiadvány,4
alkalmi kiadvány,1
állami működéshez kapcsolódó kiadvány,1
iskolai kiadvány,18
egyházi-vallási kiadvány,1
egyházi-vallási kiadvány,10
egyházi-vallási kiadvány,4
egyházi-vallási kiadvány,1
egyházi-vallási kiadvány,5
állami működéshez kapcsolódó kiadvány,2
egyházi-vallási kiadvány,1
egyházi-vallási kiadvány,4
egyházi-vallási kiadvány,1
egyházi-vallási kiadvány,2
egyházi-vallási kiadvány,2
egyházi-vallási kiadvány,1
szórakoztató kiadvány,1
alkalmi kiadvány,1
alkalmi kiadvány,1
alkalmi kiadvány,1
alkalmi kiadvány,1
egyházi-vallási kiadvány,2
egyházi-vallási kiadvány,1
egyházi-vallási kiadvány,30
iskolai kiadvány,1
iskolai kiadvány,1
iskolai kiadvány,13
iskolai kiadvány,2
iskolai kiadvány,3
iskolai kiadvány,11
iskolai kiadvány,10
alkalmi kiadvány,1
iskolai kiadvány,2
egyházi-vallási kiadvány,1
szórakoztató kiadvány,4
egyházi-vallási kiadvány,4
egyházi-vallási kiadvány,75
egyházi-vallási kiadvány,71
szórakoztató kiadvány,1
szórakoztató kiadvány,1
szórakoztató kiadvány,1
egyházi-vallási kiadvány,1
iskolai kiadvány,11
iskolai kiadvány,9
iskolai kiadvány,2
iskolai kiadvány,11
iskolai kiadvány,7
iskolai kiadvány,3
iskolai kiadvány,9
iskolai kiadvány,7
iskolai kiadvány,6
iskolai kiadvány,8
iskolai kiadvány,4
iskolai kiadvány,6
egyházi-vallási kiadvány,3
iskolai kiadvány,5
iskolai kiadvány,5
alkalmi kiadvány,1
alkalmi kiadvány,1
alkalmi kiadvány,1
alkalmi kiadvány,3
egyházi-vallási kiadvány,1
állami működéshez kapcsolódó kiadvány,1
egyházi-vallási kiadvány,1
egyházi-vallási kiadvány,1
egyházi-vallási kiadvány,1
egyházi-vallási kiadvány,8
iskolai kiadvány,2
egyházi-vallási kiadvány,1
egyházi-vallási kiadvány,1
egyházi-vallási kiadvány,1
iskolai kiadvány,1
iskolai kiadvány,1
iskolai kiadvány,1
iskolai kiadvány,2
iskolai kiadvány,1
iskolai kiadvány,16
egyházi-vallási kiadvány,15
egyházi-vallási kiadvány,1
egyházi-vallási kiadvány,16
egyházi-vallási kiadvány,2
tudományos kiadvány,15
egyházi-vallási kiadvány,6
egyházi-vallási kiadvány,59
egyházi-vallási kiadvány,1
állami működéshez kapcsolódó kiadvány,20
egyházi-vallási kiadvány,7
egyházi-vallási kiadvány,11
állami működéshez kapcsolódó kiadvány,3
alkalmi kiadvány,1
egyházi-vallási kiadvány,1
alkalmi kiadvány,1
iskolai kiadvány,2
tudományos kiadvány,3
szórakoztató kiadvány,2
szórakoztató kiadvány,1
szórakoztató kiadvány,5
tudományos kiadvány,2
alkalmi kiadvány,1
egyházi-vallási kiadvány,1
iskolai kiadvány,49
egyházi-vallási kiadvány,2
egyházi-vallási kiadvány,2
egyházi-vallási kiadvány,2
alkalmi kiadvány,3
iskolai kiadvány,10
iskolai kiadvány,23
állami működéshez kapcsolódó kiadvány,3
szórakoztató kiadvány,1
szórakoztató kiadvány,1
alkalmi kiadvány,5
iskolai kiadvány,7
tudományos kiadvány,25
szórakoztató kiadvány,1
szórakoztató kiadvány,2
állami működéshez kapcsolódó kiadvány,2
egyházi-vallási kiadvány,4
alkalmi kiadvány,1
alkalmi kiadvány,1
állami működéshez kapcsolódó kiadvány,1
állami működéshez kapcsolódó kiadvány,1
egyházi-vallási kiadvány,51
egyházi-vallási kiadvány,2
egyházi-vallási kiadvány,2
iskolai kiadvány,1
alkalmi kiadvány,1
alkalmi kiadvány,2
alkalmi kiadvány,1
egyházi-vallási kiadvány,1
egyházi-vallási kiadvány,2
szórakoztató kiadvány,1
alkalmi kiadvány,1
iskolai kiadvány,2
iskolai kiadvány,2
iskolai kiadvány,1
egyházi-vallási kiadvány,8
egyházi-vallási kiadvány,5
egyházi-vallási kiadvány,6
alkalmi kiadvány,3
egyházi-vallási kiadvány,1
egyházi-vallási kiadvány,2
iskolai kiadvány,1
iskolai kiadvány,3
iskolai kiadvány,1
egyházi-vallási kiadvány,1
alkalmi kiadvány,1
alkalmi kiadvány,2
iskolai kiadvány,5
egyházi-vallási kiadvány,4
alkalmi kiadvány,2
egyházi-vallási kiadvány,13
tudományos kiadvány,42
alkalmi kiadvány,2
alkalmi kiadvány,1
iskolai kiadvány,2
iskolai kiadvány,3
iskolai kiadvány,2
iskolai kiadvány,2
alkalmi kiadvány,1
alkalmi kiadvány,1
egyházi-vallási kiadvány,1
alkalmi kiadvány,2
tudományos kiadvány,8
iskolai kiadvány,2
alkalmi kiadvány,1
alkalmi kiadvány,1
alkalmi kiadvány,1
egyházi-vallási kiadvány,1
szórakoztató kiadvány,2
egyházi-vallási kiadvány,23
egyházi-vallási kiadvány,40
egyházi-vallási kiadvány,8
egyházi-vallási kiadvány,3
egyházi-vallási kiadvány,1
egyházi-vallási kiadvány,1
egyházi-vallási kiadvány,18
iskolai kiadvány,5
iskolai kiadvány,14
egyházi-vallási kiadvány,5
egyházi-vallási kiadvány,13
egyházi-vallási kiadvány,4
alkalmi kiadvány,2
iskolai kiadvány,1
állami működéshez kapcsolódó kiadvány,3
egyházi-vallási kiadvány,2
egyházi-vallási kiadvány,13
egyházi-vallási kiadvány,59
egyházi-vallási kiadvány,4
alkalmi kiadvány,2
alkalmi kiadvány,1
egyházi-vallási kiadvány,5
egyházi-vallási kiadvány,2
iskolai kiadvány,2
iskolai kiadvány,5
alkalmi kiadvány,1
egyházi-vallási kiadvány,1
alkalmi kiadvány,1
alkalmi kiadvány,1
alkalmi kiadvány,1
állami működéshez kapcsolódó kiadvány,1
alkalmi kiadvány,1
alkalmi kiadvány,6
alkalmi kiadvány,2
iskolai kiadvány,1
iskolai kiadvány,2
iskolai kiadvány,2
iskolai kiadvány,3
iskolai kiadvány,3
iskolai kiadvány,3
iskolai kiadvány,2
iskolai kiadvány,3
iskolai kiadvány,2
iskolai kiadvány,3
iskolai kiadvány,2
iskolai kiadvány,2
egyházi-vallási kiadvány,1
egyházi-vallási kiadvány,2
egyházi-vallási kiadvány,6
iskolai kiadvány,1
szórakoztató kiadvány,27
iskolai kiadvány,3
iskolai kiadvány,2
iskolai kiadvány,1
iskolai kiadvány,1
iskolai kiadvány,1
egyházi-vallási kiadvány,1
alkalmi kiadvány,1
egyházi-vallási kiadvány,1
egyházi-vallási kiadvány,1
iskolai kiadvány,1
iskolai kiadvány,4
iskolai kiadvány,2
iskolai kiadvány,4
iskolai kiadvány,1
alkalmi kiadvány,1
iskolai kiadvány,1
egyházi-vallási kiadvány,8
egyházi-vallási kiadvány,1
egyházi-vallási kiadvány,10
tudományos kiadvány,19
egyházi-vallási kiadvány,1
szórakoztató kiadvány,1
szórakoztató kiadvány,1
alkalmi kiadvány,1
egyházi-vallási kiadvány,2
egyházi-vallási kiadvány,1
egyházi-vallási kiadvány,10
egyházi-vallási kiadvány,1
egyházi-vallási kiadvány,1
alkalmi kiadvány,1
alkalmi kiadvány,2
egyházi-vallási kiadvány,3
alkalmi kiadvány,1
alkalmi kiadvány,1
alkalmi kiadvány,2
egyházi-vallási kiadvány,39
egyházi-vallási kiadvány,26
egyházi-vallási kiadvány,34
szórakoztató kiadvány,2
szórakoztató kiadvány,7
egyházi-vallási kiadvány,2
alkalmi kiadvány,1
alkalmi kiadvány,1
alkalmi kiadvány,1
alkalmi kiadvány,1
egyházi-vallási kiadvány,2
egyházi-vallási kiadvány,1
alkalmi kiadvány,2
alkalmi kiadvány,1
alkalmi kiadvány,3
alkalmi kiadvány,3
iskolai kiadvány,3
iskolai kiadvány,2
egyházi-vallási kiadvány,1
egyházi-vallási kiadvány,3
egyházi-vallási kiadvány,1
egyházi-vallási kiadvány,1
egyházi-vallási kiadvány,1
egyházi-vallási kiadvány,2
egyházi-vallási kiadvány,1
egyházi-vallási kiadvány,1
egyházi-vallási kiadvány,2
egyházi-vallási kiadvány,2
egyházi-vallási kiadvány,3
egyházi-vallási kiadvány,2
egyházi-vallási kiadvány,2
egyházi-vallási kiadvány,2
egyházi-vallási kiadvány,1
egyházi-vallási kiadvány,1
egyházi-vallási kiadvány,5
iskolai kiadvány,6
iskolai kiadvány,8
iskolai kiadvány,4
egyházi-vallási kiadvány,4
egyházi-vallási kiadvány,6
iskolai kiadvány,5
alkalmi kiadvány,1
egyházi-vallási kiadvány,4
alkalmi kiadvány,1
alkalmi kiadvány,2
iskolai kiadvány,1
iskolai kiadvány,1
iskolai kiadvány,4
iskolai kiadvány,1
egyházi-vallási kiadvány,1
alkalmi kiadvány,3
alkalmi kiadvány,1
egyházi-vallási kiadvány,20
egyházi-vallási kiadvány,1
egyházi-vallási kiadvány,13
egyházi-vallási kiadvány,11
állami működéshez kapcsolódó kiadvány,1
tudományos kiadvány,1
tudományos kiadvány,1
tudományos kiadvány,3
iskolai kiadvány,3
tudományos kiadvány,2
tudományos kiadvány,8
tudományos kiadvány,5
tudományos kiadvány,5
alkalmi kiadvány,1
iskolai kiadvány,1
szórakoztató kiadvány,2
iskolai kiadvány,1
iskolai kiadvány,9
egyházi-vallási kiadvány,4
egyházi-vallási kiadvány,22
egyházi-vallási kiadvány,4
egyházi-vallási kiadvány,3
állami működéshez kapcsolódó kiadvány,2
alkalmi kiadvány,1
iskolai kiadvány,2
iskolai kiadvány,8
iskolai kiadvány,1
egyházi-vallási kiadvány,22
szórakoztató kiadvány,3
egyházi-vallási kiadvány,3
egyházi-vallási kiadvány,1
egyházi-vallási kiadvány,4
alkalmi kiadvány,27
egyházi-vallási kiadvány,7
iskolai kiadvány,5
egyházi-vallási kiadvány,15
egyházi-vallási kiadvány,29
egyházi-vallási kiadvány,3
egyházi-vallási kiadvány,5
egyházi-vallási kiadvány,4
egyházi-vallási kiadvány,10
egyházi-vallási kiadvány,6
egyházi-vallási kiadvány,1
egyházi-vallási kiadvány,1
egyházi-vallási kiadvány,4
egyházi-vallási kiadvány,33
egyházi-vallási kiadvány,6
egyházi-vallási kiadvány,69
egyházi-vallási kiadvány,49
egyházi-vallási kiadvány,80
egyházi-vallási kiadvány,7
egyházi-vallási kiadvány,2
alkalmi kiadvány,1
alkalmi kiadvány,5
nem besorolt,1
szórakoztató kiadvány,1
szórakoztató kiadvány,2
szórakoztató kiadvány,1
egyházi-vallási kiadvány,1
iskolai kiadvány,1
szórakoztató kiadvány,1
szórakoztató kiadvány,2
szórakoztató kiadvány,1
szórakoztató kiadvány,1
állami működéshez kapcsolódó kiadvány,2
egyházi-vallási kiadvány,1
egyházi-vallási kiadvány,22
egyházi-vallási kiadvány,29
egyházi-vallási kiadvány,49
egyházi-vallási kiadvány,47
egyházi-vallási kiadvány,1
egyházi-vallási kiadvány,1
egyházi-vallási kiadvány,1
egyházi-vallási kiadvány,2
egyházi-vallási kiadvány,1
egyházi-vallási kiadvány,1
egyházi-vallási kiadvány,3
egyházi-vallási kiadvány,1
egyházi-vallási kiadvány,1
egyházi-vallási kiadvány,1
egyházi-vallási kiadvány,1
egyházi-vallási kiadvány,6
egyházi-vallási kiadvány,1
egyházi-vallási kiadvány,54
egyházi-vallási kiadvány,13
egyházi-vallási kiadvány,4
egyházi-vallási kiadvány,4
egyházi-vallási kiadvány,4
egyházi-vallási kiadvány,18
egyházi-vallási kiadvány,1
egyházi-vallási kiadvány,3
szórakoztató kiadvány,1
szórakoztató kiadvány,3
szórakoztató kiadvány,1
szórakoztató kiadvány,8
egyházi-vallási kiadvány,4
egyházi-vallási kiadvány,7
egyházi-vallási kiadvány,4
egyházi-vallási kiadvány,1
alkalmi kiadvány,1
iskolai kiadvány,1
iskolai kiadvány,1
iskolai kiadvány,3
iskolai kiadvány,1
iskolai kiadvány,3
iskolai kiadvány,1
iskolai kiadvány,5
iskolai kiadvány,1
iskolai kiadvány,1
iskolai kiadvány,3
egyházi-vallási kiadvány,9
egyházi-vallási kiadvány,12
egyházi-vallási kiadvány,3
egyházi-vallási kiadvány,7
egyházi-vallási kiadvány,39
alkalmi kiadvány,1
egyházi-vallási kiadvány,2
egyházi-vallási kiadvány,17
egyházi-vallási kiadvány,1
egyházi-vallási kiadvány,1
egyházi-vallási kiadvány,2
egyházi-vallási kiadvány,1
egyházi-vallási kiadvány,2
egyházi-vallási kiadvány,2
egyházi-vallási kiadvány,1
egyházi-vallási kiadvány,4
egyházi-vallási kiadvány,2
egyházi-vallási kiadvány,5
egyházi-vallási kiadvány,14
egyházi-vallási kiadvány,1
egyházi-vallási kiadvány,1
egyházi-vallási kiadvány,2
egyházi-vallási kiadvány,6
szórakoztató kiadvány,2
iskolai kiadvány,1
egyházi-vallási kiadvány,4
tudományos kiadvány,5
egyházi-vallási kiadvány,31
egyházi-vallási kiadvány,9
egyházi-vallási kiadvány,1
egyházi-vallási kiadvány,2
szórakoztató kiadvány,1
szórakoztató kiadvány,2
szórakoztató kiadvány,1
szórakoztató kiadvány,2
egyházi-vallási kiadvány,1
szórakoztató kiadvány,3
szórakoztató kiadvány,1
szórakoztató kiadvány,1
alkalmi kiadvány,4
iskolai kiadvány,1
iskolai kiadvány,3
iskolai kiadvány,1
alkalmi kiadvány,4
alkalmi kiadvány,3
iskolai kiadvány,28
egyházi-vallási kiadvány,3
egyházi-vallási kiadvány,6
egyházi-vallási kiadvány,12
egyházi-vallási kiadvány,5
egyházi-vallási kiadvány,2
egyházi-vallási kiadvány,1
egyházi-vallási kiadvány,5
egyházi-vallási kiadvány,1
alkalmi kiadvány,3
egyházi-vallási kiadvány,16
egyházi-vallási kiadvány,21
szórakoztató kiadvány,1
iskolai kiadvány,5
egyházi-vallási kiadvány,2
egyházi-vallási kiadvány,7
egyházi-vallási kiadvány,10
egyházi-vallási kiadvány,8
egyházi-vallási kiadvány,18
egyházi-vallási kiadvány,36
egyházi-vallási kiadvány,48
egyházi-vallási kiadvány,3
egyházi-vallási kiadvány,17
egyházi-vallási kiadvány,5
egyházi-vallási kiadvány,1
szórakoztató kiadvány,1
szórakoztató kiadvány,2
szórakoztató kiadvány,23
szórakoztató kiadvány,3
alkalmi kiadvány,2
egyházi-vallási kiadvány,7
alkalmi kiadvány,1
alkalmi kiadvány,4
alkalmi kiadvány,3
egyházi-vallási kiadvány,8
szórakoztató kiadvány,1
szórakoztató kiadvány,1
egyházi-vallási kiadvány,2
iskolai kiadvány,1
iskolai kiadvány,6
iskolai kiadvány,2
egyházi-vallási kiadvány,2
iskolai kiadvány,3
alkalmi kiadvány,1
állami működéshez kapcsolódó kiadvány,6
alkalmi kiadvány,2
alkalmi kiadvány,1
tudományos kiadvány,7
alkalmi kiadvány,2
állami működéshez kapcsolódó kiadvány,4
iskolai kiadvány,2
alkalmi kiadvány,1
alkalmi kiadvány,2
alkalmi kiadvány,1
alkalmi kiadvány,3
iskolai kiadvány,2
szórakoztató kiadvány,9
egyházi-vallási kiadvány,3
tudományos kiadvány,1
tudományos kiadvány,1
egyházi-vallási kiadvány,1
egyházi-vallási kiadvány,1
egyházi-vallási kiadvány,2
egyházi-vallási kiadvány,3
egyházi-vallási kiadvány,1
iskolai kiadvány,2
egyházi-vallási kiadvány,1
egyházi-vallási kiadvány,54
egyházi-vallási kiadvány,6
egyházi-vallási kiadvány,5
egyházi-vallási kiadvány,10
iskolai kiadvány,12
egyházi-vallási kiadvány,1
egyházi-vallási kiadvány,3
egyházi-vallási kiadvány,16
iskolai kiadvány,2
egyházi-vallási kiadvány,2
egyházi-vallási kiadvány,5
egyházi-vallási kiadvány,4
egyházi-vallási kiadvány,7
iskolai kiadvány,1
szórakoztató kiadvány,1
szórakoztató kiadvány,1
egyházi-vallási kiadvány,4
állami működéshez kapcsolódó kiadvány,2
iskolai kiadvány,1
iskolai kiadvány,5
egyházi-vallási kiadvány,1
egyházi-vallási kiadvány,1
egyházi-vallási kiadvány,1
egyházi-vallási kiadvány,1
állami működéshez kapcsolódó kiadvány,1
egyházi-vallási kiadvány,3
egyházi-vallási kiadvány,5
egyházi-vallási kiadvány,4
egyházi-vallási kiadvány,3
egyházi-vallási kiadvány,3
egyházi-vallási kiadvány,6
egyházi-vallási kiadvány,8
egyházi-vallási kiadvány,2
egyházi-vallási kiadvány,1
alkalmi kiadvány,1
iskolai kiadvány,4
szórakoztató kiadvány,1
egyházi-vallási kiadvány,1
alkalmi kiadvány,1
egyházi-vallási kiadvány,1
egyházi-vallási kiadvány,3
egyházi-vallási kiadvány,18
egyházi-vallási kiadvány,5
egyházi-vallási kiadvány,1
iskolai kiadvány,1
egyházi-vallási kiadvány,1
egyházi-vallási kiadvány,1
egyházi-vallási kiadvány,3
egyházi-vallási kiadvány,2
egyházi-vallási kiadvány,1
alkalmi kiadvány,11
egyházi-vallási kiadvány,1
egyházi-vallási kiadvány,2
egyházi-vallási kiadvány,2
egyházi-vallási kiadvány,1
szórakoztató kiadvány,1
szórakoztató kiadvány,2
szórakoztató kiadvány,10
szórakoztató kiadvány,1
szórakoztató kiadvány,4
szórakoztató kiadvány,1
szórakoztató kiadvány,3
szórakoztató kiadvány,3
egyházi-vallási kiadvány,2
alkalmi kiadvány,1
egyházi-vallási kiadvány,11
szórakoztató kiadvány,2
egyházi-vallási kiadvány,8
egyházi-vallási kiadvány,4
egyházi-vallási kiadvány,2
egyházi-vallási kiadvány,6
egyházi-vallási kiadvány,1
egyházi-vallási kiadvány,1
szórakoztató kiadvány,2
szórakoztató kiadvány,1
alkalmi kiadvány,1
egyházi-vallási kiadvány,5
egyházi-vallási kiadvány,9
egyházi-vallási kiadvány,75
egyházi-vallási kiadvány,41
egyházi-vallási kiadvány,39
egyházi-vallási kiadvány,1
egyházi-vallási kiadvány,2
szórakoztató kiadvány,9
szórakoztató kiadvány,2
szórakoztató kiadvány,2
egyházi-vallási kiadvány,27
egyházi-vallási kiadvány,23
egyházi-vallási kiadvány,1
egyházi-vallási kiadvány,1
egyházi-vallási kiadvány,1
egyházi-vallási kiadvány,1
egyházi-vallási kiadvány,1
egyházi-vallási kiadvány,2
egyházi-vallási kiadvány,1
iskolai kiadvány,2
alkalmi kiadvány,1
egyházi-vallási kiadvány,5
egyházi-vallási kiadvány,16
alkalmi kiadvány,1
egyházi-vallási kiadvány,2
szórakoztató kiadvány,4
egyházi-vallási kiadvány,1
egyházi-vallási kiadvány,4
iskolai kiadvány,2
egyházi-vallási kiadvány,2
tudományos kiadvány,5
tudományos kiadvány,10
tudományos kiadvány,3
állami működéshez kapcsolódó kiadvány,27
állami működéshez kapcsolódó kiadvány,24
állami működéshez kapcsolódó kiadvány,24
iskolai kiadvány,1
iskolai kiadvány,1
egyházi-vallási kiadvány,1
iskolai kiadvány,19
állami működéshez kapcsolódó kiadvány,10
állami működéshez kapcsolódó kiadvány,31
állami működéshez kapcsolódó kiadvány,16
állami működéshez kapcsolódó kiadvány,38
állami működéshez kapcsolódó kiadvány,36
állami működéshez kapcsolódó kiadvány,6
állami működéshez kapcsolódó kiadvány,44
állami működéshez kapcsolódó kiadvány,27
állami működéshez kapcsolódó kiadvány,38
állami működéshez kapcsolódó kiadvány,27
állami működéshez kapcsolódó kiadvány,26
iskolai kiadvány,4
iskolai kiadvány,4
egyházi-vallási kiadvány,2
egyházi-vallási kiadvány,1
alkalmi kiadvány,1
egyházi-vallási kiadvány,7
alkalmi kiadvány,1
alkalmi kiadvány,2
egyházi-vallási kiadvány,5
egyházi-vallási kiadvány,2
alkalmi kiadvány,1
iskolai kiadvány,1
alkalmi kiadvány,2
állami működéshez kapcsolódó kiadvány,3
állami működéshez kapcsolódó kiadvány,1
iskolai kiadvány,2
iskolai kiadvány,2
iskolai kiadvány,3
iskolai kiadvány,1
alkalmi kiadvány,2
iskolai kiadvány,2
iskolai kiadvány,7
iskolai kiadvány,5
iskolai kiadvány,4
iskolai kiadvány,7
iskolai kiadvány,6
iskolai kiadvány,5
iskolai kiadvány,4
egyházi-vallási kiadvány,1
egyházi-vallási kiadvány,1
iskolai kiadvány,4
iskolai kiadvány,7
iskolai kiadvány,4
iskolai kiadvány,4
iskolai kiadvány,5
iskolai kiadvány,7
iskolai kiadvány,7
iskolai kiadvány,3
iskolai kiadvány,6
iskolai kiadvány,9
iskolai kiadvány,4
iskolai kiadvány,4
iskolai kiadvány,1
iskolai kiadvány,2
iskolai kiadvány,1
iskolai kiadvány,2
alkalmi kiadvány,2
iskolai kiadvány,2
iskolai kiadvány,4
iskolai kiadvány,3
iskolai kiadvány,3
iskolai kiadvány,1
iskolai kiadvány,2
iskolai kiadvány,3
iskolai kiadvány,1
iskolai kiadvány,1
iskolai kiadvány,2
iskolai kiadvány,1
iskolai kiadvány,4
alkalmi kiadvány,1
egyházi-vallási kiadvány,6
alkalmi kiadvány,1
alkalmi kiadvány,4
alkalmi kiadvány,1
iskolai kiadvány,5
iskolai kiadvány,6
iskolai kiadvány,6
egyházi-vallási kiadvány,9
egyházi-vallási kiadvány,9
egyházi-vallási kiadvány,1
iskolai kiadvány,2
egyházi-vallási kiadvány,9
egyházi-vallási kiadvány,4
alkalmi kiadvány,2
szórakoztató kiadvány,1
egyházi-vallási kiadvány,1
egyházi-vallási kiadvány,6
egyházi-vallási kiadvány,12
egyházi-vallási kiadvány,8
egyházi-vallási kiadvány,3
egyházi-vallási kiadvány,13
egyházi-vallási kiadvány,22
egyházi-vallási kiadvány,11
egyházi-vallási kiadvány,1
tudományos kiadvány,10
alkalmi kiadvány,1
egyházi-vallási kiadvány,1
egyházi-vallási kiadvány,1
egyházi-vallási kiadvány,2
egyházi-vallási kiadvány,9
egyházi-vallási kiadvány,9
egyházi-vallási kiadvány,10
állami működéshez kapcsolódó kiadvány,9
egyházi-vallási kiadvány,19
egyházi-vallási kiadvány,2
egyházi-vallási kiadvány,11
egyházi-vallási kiadvány,20
egyházi-vallási kiadvány,13
egyházi-vallási kiadvány,2
szórakoztató kiadvány,1
egyházi-vallási kiadvány,1
egyházi-vallási kiadvány,14
egyházi-vallási kiadvány,3
egyházi-vallási kiadvány,1
egyházi-vallási kiadvány,1
egyházi-vallási kiadvány,7
egyházi-vallási kiadvány,1
egyházi-vallási kiadvány,6
egyházi-vallási kiadvány,1
szórakoztató kiadvány,2
egyházi-vallási kiadvány,24
egyházi-vallási kiadvány,4
egyházi-vallási kiadvány,2
egyházi-vallási kiadvány,1
egyházi-vallási kiadvány,5
állami működéshez kapcsolódó kiadvány,1
egyházi-vallási kiadvány,1
egyházi-vallási kiadvány,1
egyházi-vallási kiadvány,1
egyházi-vallási kiadvány,2
egyházi-vallási kiadvány,1
egyházi-vallási kiadvány,3
egyházi-vallási kiadvány,2
egyházi-vallási kiadvány,3
egyházi-vallási kiadvány,28
szórakoztató kiadvány,1
egyházi-vallási kiadvány,2
egyházi-vallási kiadvány,1
egyházi-vallási kiadvány,16
egyházi-vallási kiadvány,1
egyházi-vallási kiadvány,2
egyházi-vallási kiadvány,1
állami működéshez kapcsolódó kiadvány,1
egyházi-vallási kiadvány,1
alkalmi kiadvány,1
szórakoztató kiadvány,1
egyházi-vallási kiadvány,1
egyházi-vallási kiadvány,1
egyházi-vallási kiadvány,1
egyházi-vallási kiadvány,1
egyházi-vallási kiadvány,1
szórakoztató kiadvány,19
egyházi-vallási kiadvány,3
egyházi-vallási kiadvány,5
egyházi-vallási kiadvány,1
alkalmi kiadvány,2
alkalmi kiadvány,6
egyházi-vallási kiadvány,2
egyházi-vallási kiadvány,1
iskolai kiadvány,1
egyházi-vallási kiadvány,2
egyházi-vallási kiadvány,2
iskolai kiadvány,1
szórakoztató kiadvány,2
egyházi-vallási kiadvány,2
egyházi-vallási kiadvány,1
egyházi-vallási kiadvány,4
egyházi-vallási kiadvány,4
egyházi-vallási kiadvány,2
szórakoztató kiadvány,1
egyházi-vallási kiadvány,5
egyházi-vallási kiadvány,2
alkalmi kiadvány,1
alkalmi kiadvány,3
egyházi-vallási kiadvány,4
alkalmi kiadvány,2
alkalmi kiadvány,1
alkalmi kiadvány,5
egyházi-vallási kiadvány,1
szórakoztató kiadvány,2
alkalmi kiadvány,1
egyházi-vallási kiadvány,8
egyházi-vallási kiadvány,11
egyházi-vallási kiadvány,13
szórakoztató kiadvány,1
egyházi-vallási kiadvány,2
alkalmi kiadvány,2
alkalmi kiadvány,2
alkalmi kiadvány,2
egyházi-vallási kiadvány,3
iskolai kiadvány,2
egyházi-vallási kiadvány,9
egyházi-vallási kiadvány,7
alkalmi kiadvány,3
egyházi-vallási kiadvány,6
egyházi-vallási kiadvány,3
egyházi-vallási kiadvány,8
alkalmi kiadvány,1
alkalmi kiadvány,3
alkalmi kiadvány,3
alkalmi kiadvány,1
állami működéshez kapcsolódó kiadvány,56
alkalmi kiadvány,6
egyházi-vallási kiadvány,1
egyházi-vallási kiadvány,1
egyházi-vallási kiadvány,2
egyházi-vallási kiadvány,1
egyházi-vallási kiadvány,1
egyházi-vallási kiadvány,1
egyházi-vallási kiadvány,23
egyházi-vallási kiadvány,2
alkalmi kiadvány,1
egyházi-vallási kiadvány,1
alkalmi kiadvány,3
egyházi-vallási kiadvány,2
alkalmi kiadvány,3
egyházi-vallási kiadvány,1
egyházi-vallási kiadvány,4
szórakoztató kiadvány,2
egyházi-vallási kiadvány,3
egyházi-vallási kiadvány,1
egyházi-vallási kiadvány,1
alkalmi kiadvány,4
egyházi-vallási kiadvány,1
egyházi-vallási kiadvány,2
alkalmi kiadvány,1
egyházi-vallási kiadvány,53
egyházi-vallási kiadvány,3
szórakoztató kiadvány,1
iskolai kiadvány,9
szórakoztató kiadvány,1
egyházi-vallási kiadvány,2
alkalmi kiadvány,2
alkalmi kiadvány,1
alkalmi kiadvány,1
állami működéshez kapcsolódó kiadvány,1
alkalmi kiadvány,1
egyházi-vallási kiadvány,3
alkalmi kiadvány,1
egyházi-vallási kiadvány,2
egyházi-vallási kiadvány,1
alkalmi kiadvány,2
alkalmi kiadvány,3
szórakoztató kiadvány,1
alkalmi kiadvány,2
alkalmi kiadvány,2
nem besorolt,1
alkalmi kiadvány,33
szórakoztató kiadvány,2
egyházi-vallási kiadvány,27
egyházi-vallási kiadvány,1
egyházi-vallási kiadvány,1
egyházi-vallási kiadvány,1
alkalmi kiadvány,1
alkalmi kiadvány,2
egyházi-vallási kiadvány,1
egyházi-vallási kiadvány,1
alkalmi kiadvány,1
szórakoztató kiadvány,3
alkalmi kiadvány,1
alkalmi kiadvány,1
alkalmi kiadvány,2
alkalmi kiadvány,1
alkalmi kiadvány,1
alkalmi kiadvány,2
egyházi-vallási kiadvány,1
alkalmi kiadvány,4
egyházi-vallási kiadvány,1
alkalmi kiadvány,4
alkalmi kiadvány,6
alkalmi kiadvány,2
alkalmi kiadvány,1
alkalmi kiadvány,3
alkalmi kiadvány,1
alkalmi kiadvány,1
alkalmi kiadvány,1
szórakoztató kiadvány,1
alkalmi kiadvány,1
alkalmi kiadvány,1
állami működéshez kapcsolódó kiadvány,2
alkalmi kiadvány,2
alkalmi kiadvány,2
alkalmi kiadvány,1
egyházi-vallási kiadvány,3
alkalmi kiadvány,1
szórakoztató kiadvány,1
alkalmi kiadvány,1
egyházi-vallási kiadvány,1
alkalmi kiadvány,1
alkalmi kiadvány,5
alkalmi kiadvány,4
egyházi-vallási kiadvány,2
egyházi-vallási kiadvány,2
egyházi-vallási kiadvány,4
állami működéshez kapcsolódó kiadvány,13
egyházi-vallási kiadvány,18
egyházi-vallási kiadvány,7
egyházi-vallási kiadvány,8
alkalmi kiadvány,4
alkalmi kiadvány,1
alkalmi kiadvány,2
egyházi-vallási kiadvány,11
alkalmi kiadvány,2
alkalmi kiadvány,7
alkalmi kiadvány,2
szórakoztató kiadvány,1
alkalmi kiadvány,1
állami működéshez kapcsolódó kiadvány,1
alkalmi kiadvány,11
állami működéshez kapcsolódó kiadvány,1
állami működéshez kapcsolódó kiadvány,1
alkalmi kiadvány,1
alkalmi kiadvány,6
állami működéshez kapcsolódó kiadvány,6
iskolai kiadvány,2
egyházi-vallási kiadvány,1
egyházi-vallási kiadvány,5
alkalmi kiadvány,3
alkalmi kiadvány,1
alkalmi kiadvány,4
alkalmi kiadvány,1
alkalmi kiadvány,6
egyházi-vallási kiadvány,2
alkalmi kiadvány,1
alkalmi kiadvány,1
egyházi-vallási kiadvány,2
alkalmi kiadvány,2
egyházi-vallási kiadvány,1
alkalmi kiadvány,1
alkalmi kiadvány,8
alkalmi kiadvány,1
alkalmi kiadvány,2
alkalmi kiadvány,5
alkalmi kiadvány,8
tudományos kiadvány,1
egyházi-vallási kiadvány,5
állami működéshez kapcsolódó kiadvány,2
alkalmi kiadvány,5
alkalmi kiadvány,1
alkalmi kiadvány,5
alkalmi kiadvány,11
szórakoztató kiadvány,1
alkalmi kiadvány,1
állami működéshez kapcsolódó kiadvány,3
állami működéshez kapcsolódó kiadvány,13
egyházi-vallási kiadvány,1
alkalmi kiadvány,1
alkalmi kiadvány,3
egyházi-vallási kiadvány,2
állami működéshez kapcsolódó kiadvány,8
tudományos kiadvány,1
alkalmi kiadvány,3
szórakoztató kiadvány,1
egyházi-vallási kiadvány,1
szórakoztató kiadvány,2
alkalmi kiadvány,1
állami működéshez kapcsolódó kiadvány,2
alkalmi kiadvány,1
állami működéshez kapcsolódó kiadvány,6
állami működéshez kapcsolódó kiadvány,2
állami működéshez kapcsolódó kiadvány,1
állami működéshez kapcsolódó kiadvány,3
egyházi-vallási kiadvány,1
szórakoztató kiadvány,1
alkalmi kiadvány,1
állami működéshez kapcsolódó kiadvány,1
alkalmi kiadvány,3
alkalmi kiadvány,2
szórakoztató kiadvány,1
állami működéshez kapcsolódó kiadvány,1
egyházi-vallási kiadvány,30
alkalmi kiadvány,30
alkalmi kiadvány,1
állami működéshez kapcsolódó kiadvány,3
alkalmi kiadvány,1
egyházi-vallási kiadvány,1
alkalmi kiadvány,1
egyházi-vallási kiadvány,1
alkalmi kiadvány,3
állami működéshez kapcsolódó kiadvány,3
alkalmi kiadvány,4
egyházi-vallási kiadvány,13
egyházi-vallási kiadvány,1
alkalmi kiadvány,1
egyházi-vallási kiadvány,8
alkalmi kiadvány,2
egyházi-vallási kiadvány,27
egyházi-vallási kiadvány,1
alkalmi kiadvány,3
állami működéshez kapcsolódó kiadvány,4
állami működéshez kapcsolódó kiadvány,7
alkalmi kiadvány,1
alkalmi kiadvány,1
alkalmi kiadvány,3
alkalmi kiadvány,1
állami működéshez kapcsolódó kiadvány,1
állami működéshez kapcsolódó kiadvány,2
állami működéshez kapcsolódó kiadvány,1
alkalmi kiadvány,1
tudományos kiadvány,3
alkalmi kiadvány,2
alkalmi kiadvány,2
állami működéshez kapcsolódó kiadvány,1
alkalmi kiadvány,1
alkalmi kiadvány,1
alkalmi kiadvány,1
alkalmi kiadvány,13
állami működéshez kapcsolódó kiadvány,1
egyházi-vallási kiadvány,1
szórakoztató kiadvány,1
egyházi-vallási kiadvány,1
egyházi-vallási kiadvány,67
egyházi-vallási kiadvány,1
alkalmi kiadvány,2
egyházi-vallási kiadvány,1
állami működéshez kapcsolódó kiadvány,2
állami működéshez kapcsolódó kiadvány,5
állami működéshez kapcsolódó kiadvány,3
állami működéshez kapcsolódó kiadvány,2
alkalmi kiadvány,1
alkalmi kiadvány,1
alkalmi kiadvány,1
alkalmi kiadvány,1
alkalmi kiadvány,1
alkalmi kiadvány,1
egyházi-vallási kiadvány,4
alkalmi kiadvány,1
alkalmi kiadvány,4
szórakoztató kiadvány,1
egyházi-vallási kiadvány,3
állami működéshez kapcsolódó kiadvány,3
alkalmi kiadvány,2
alkalmi kiadvány,1
szórakoztató kiadvány,1
egyházi-vallási kiadvány,1
állami működéshez kapcsolódó kiadvány,4
iskolai kiadvány,1
egyházi-vallási kiadvány,4
egyházi-vallási kiadvány,5
alkalmi kiadvány,3
egyházi-vallási kiadvány,1
alkalmi kiadvány,2
állami működéshez kapcsolódó kiadvány,4
állami működéshez kapcsolódó kiadvány,1
állami működéshez kapcsolódó kiadvány,2
alkalmi kiadvány,2
iskolai kiadvány,1
alkalmi kiadvány,1
állami működéshez kapcsolódó kiadvány,4
alkalmi kiadvány,1
egyházi-vallási kiadvány,2
alkalmi kiadvány,5
egyházi-vallási kiadvány,2
alkalmi kiadvány,1
állami működéshez kapcsolódó kiadvány,1
alkalmi kiadvány,5
alkalmi kiadvány,2
állami működéshez kapcsolódó kiadvány,2
állami működéshez kapcsolódó kiadvány,5
egyházi-vallási kiadvány,1
alkalmi kiadvány,1
alkalmi kiadvány,2
alkalmi kiadvány,1
alkalmi kiadvány,2
egyházi-vallási kiadvány,1
állami működéshez kapcsolódó kiadvány,1
alkalmi kiadvány,1
egyházi-vallási kiadvány,1
állami működéshez kapcsolódó kiadvány,3
állami működéshez kapcsolódó kiadvány,2
egyházi-vallási kiadvány,1
alkalmi kiadvány,2
állami működéshez kapcsolódó kiadvány,6
alkalmi kiadvány,1
alkalmi kiadvány,1
alkalmi kiadvány,1
alkalmi kiadvány,1
alkalmi kiadvány,1
alkalmi kiadvány,3
állami működéshez kapcsolódó kiadvány,5
alkalmi kiadvány,1
alkalmi kiadvány,1
egyházi-vallási kiadvány,9
egyházi-vallási kiadvány,1
alkalmi kiadvány,8
alkalmi kiadvány,1
állami működéshez kapcsolódó kiadvány,6
szórakoztató kiadvány,1
egyházi-vallási kiadvány,2
egyházi-vallási kiadvány,1
alkalmi kiadvány,1
alkalmi kiadvány,2
alkalmi kiadvány,1
egyházi-vallási kiadvány,1
alkalmi kiadvány,1
állami működéshez kapcsolódó kiadvány,2
alkalmi kiadvány,3
alkalmi kiadvány,1
egyházi-vallási kiadvány,2
alkalmi kiadvány,2
egyházi-vallási kiadvány,1
alkalmi kiadvány,2
állami működéshez kapcsolódó kiadvány,7
alkalmi kiadvány,1
alkalmi kiadvány,1
alkalmi kiadvány,1
alkalmi kiadvány,1
alkalmi kiadvány,1
állami működéshez kapcsolódó kiadvány,1
alkalmi kiadvány,1
szórakoztató kiadvány,1
alkalmi kiadvány,2
alkalmi kiadvány,5
egyházi-vallási kiadvány,1
szórakoztató kiadvány,1
alkalmi kiadvány,17
alkalmi kiadvány,10
egyházi-vallási kiadvány,2
állami működéshez kapcsolódó kiadvány,4
egyházi-vallási kiadvány,6
alkalmi kiadvány,1
iskolai kiadvány,1
alkalmi kiadvány,1
alkalmi kiadvány,1
egyházi-vallási kiadvány,1
alkalmi kiadvány,1
egyházi-vallási kiadvány,2
egyházi-vallási kiadvány,2
alkalmi kiadvány,1
állami működéshez kapcsolódó kiadvány,10
állami működéshez kapcsolódó kiadvány,2
állami működéshez kapcsolódó kiadvány,6
alkalmi kiadvány,1
alkalmi kiadvány,1
egyházi-vallási kiadvány,1
egyházi-vallási kiadvány,5
alkalmi kiadvány,2
alkalmi kiadvány,2
egyházi-vallási kiadvány,1
állami működéshez kapcsolódó kiadvány,2
egyházi-vallási kiadvány,2
alkalmi kiadvány,2
alkalmi kiadvány,1
egyházi-vallási kiadvány,31
alkalmi kiadvány,1
egyházi-vallási kiadvány,2
egyházi-vallási kiadvány,1
egyházi-vallási kiadvány,1
állami működéshez kapcsolódó kiadvány,6
szórakoztató kiadvány,2
alkalmi kiadvány,1
szórakoztató kiadvány,2
alkalmi kiadvány,1
egyházi-vallási kiadvány,1
alkalmi kiadvány,1
alkalmi kiadvány,1
alkalmi kiadvány,1
egyházi-vallási kiadvány,2
állami működéshez kapcsolódó kiadvány,5
egyházi-vallási kiadvány,13
alkalmi kiadvány,2
alkalmi kiadvány,1
alkalmi kiadvány,1
egyházi-vallási kiadvány,1
egyházi-vallási kiadvány,6
állami működéshez kapcsolódó kiadvány,8
állami működéshez kapcsolódó kiadvány,6
egyházi-vallási kiadvány,3
alkalmi kiadvány,1
alkalmi kiadvány,1
egyházi-vallási kiadvány,2
alkalmi kiadvány,6
állami működéshez kapcsolódó kiadvány,5
egyházi-vallási kiadvány,1
állami működéshez kapcsolódó kiadvány,1
egyházi-vallási kiadvány,2
alkalmi kiadvány,1
iskolai kiadvány,1
egyházi-vallási kiadvány,45
egyházi-vallási kiadvány,1
állami működéshez kapcsolódó kiadvány,4
egyházi-vallási kiadvány,1
alkalmi kiadvány,9
alkalmi kiadvány,1
alkalmi kiadvány,1
alkalmi kiadvány,2
állami működéshez kapcsolódó kiadvány,5
egyházi-vallási kiadvány,1
alkalmi kiadvány,5
állami működéshez kapcsolódó kiadvány,8
egyházi-vallási kiadvány,88
iskolai kiadvány,2
egyházi-vallási kiadvány,5
egyházi-vallási kiadvány,6
alkalmi kiadvány,3
alkalmi kiadvány,1
alkalmi kiadvány,4
alkalmi kiadvány,1
iskolai kiadvány,2
alkalmi kiadvány,1
egyházi-vallási kiadvány,1
szórakoztató kiadvány,1
egyházi-vallási kiadvány,1
állami működéshez kapcsolódó kiadvány,6
iskolai kiadvány,1
iskolai kiadvány,1
iskolai kiadvány,1
alkalmi kiadvány,1
iskolai kiadvány,1
egyházi-vallási kiadvány,1
alkalmi kiadvány,1
iskolai kiadvány,1
alkalmi kiadvány,1
alkalmi kiadvány,1
tudományos kiadvány,10
szórakoztató kiadvány,1
állami működéshez kapcsolódó kiadvány,7
alkalmi kiadvány,4
egyházi-vallási kiadvány,1
iskolai kiadvány,1
alkalmi kiadvány,1
iskolai kiadvány,1
iskolai kiadvány,1
iskolai kiadvány,2
alkalmi kiadvány,1
állami működéshez kapcsolódó kiadvány,1
alkalmi kiadvány,3
egyházi-vallási kiadvány,4
egyházi-vallási kiadvány,13
alkalmi kiadvány,1
egyházi-vallási kiadvány,2
egyházi-vallási kiadvány,9
alkalmi kiadvány,1
állami működéshez kapcsolódó kiadvány,4
egyházi-vallási kiadvány,25
állami működéshez kapcsolódó kiadvány,2
alkalmi kiadvány,3
szórakoztató kiadvány,1
iskolai kiadvány,1
iskolai kiadvány,1
iskolai kiadvány,1
alkalmi kiadvány,1
alkalmi kiadvány,1
egyházi-vallási kiadvány,3
alkalmi kiadvány,1
állami működéshez kapcsolódó kiadvány,1
alkalmi kiadvány,1
alkalmi kiadvány,1
egyházi-vallási kiadvány,1
alkalmi kiadvány,1
alkalmi kiadvány,1
alkalmi kiadvány,1
alkalmi kiadvány,1
alkalmi kiadvány,1
alkalmi kiadvány,2
egyházi-vallási kiadvány,12
egyházi-vallási kiadvány,1
egyházi-vallási kiadvány,1
egyházi-vallási kiadvány,7
alkalmi kiadvány,1
alkalmi kiadvány,1
állami működéshez kapcsolódó kiadvány,3
iskolai kiadvány,1
állami működéshez kapcsolódó kiadvány,67
egyházi-vallási kiadvány,8
állami működéshez kapcsolódó kiadvány,60
állami működéshez kapcsolódó kiadvány,3
szórakoztató kiadvány,2
egyházi-vallási kiadvány,1
iskolai kiadvány,1
alkalmi kiadvány,1
alkalmi kiadvány,1
alkalmi kiadvány,1
egyházi-vallási kiadvány,3
egyházi-vallási kiadvány,1
alkalmi kiadvány,1
iskolai kiadvány,1
alkalmi kiadvány,1
alkalmi kiadvány,1
egyházi-vallási kiadvány,4
állami működéshez kapcsolódó kiadvány,3
iskolai kiadvány,1
szórakoztató kiadvány,1
állami működéshez kapcsolódó kiadvány,3
egyházi-vallási kiadvány,29
egyházi-vallási kiadvány,7
egyházi-vallási kiadvány,2
egyházi-vallási kiadvány,32
alkalmi kiadvány,1
egyházi-vallási kiadvány,2
alkalmi kiadvány,1
állami működéshez kapcsolódó kiadvány,4
iskolai kiadvány,1
egyházi-vallási kiadvány,1
egyházi-vallási kiadvány,2
alkalmi kiadvány,1
alkalmi kiadvány,1
alkalmi kiadvány,1
egyházi-vallási kiadvány,1
egyházi-vallási kiadvány,23
egyházi-vallási kiadvány,1
egyházi-vallási kiadvány,1
egyházi-vallási kiadvány,7
alkalmi kiadvány,1
állami működéshez kapcsolódó kiadvány,2
alkalmi kiadvány,2
alkalmi kiadvány,1
alkalmi kiadvány,2
alkalmi kiadvány,1
egyházi-vallási kiadvány,1
alkalmi kiadvány,2
alkalmi kiadvány,2
egyházi-vallási kiadvány,1
alkalmi kiadvány,1
egyházi-vallási kiadvány,22
alkalmi kiadvány,2
állami működéshez kapcsolódó kiadvány,4
állami működéshez kapcsolódó kiadvány,2
alkalmi kiadvány,1
alkalmi kiadvány,1
alkalmi kiadvány,1
alkalmi kiadvány,1
alkalmi kiadvány,1
alkalmi kiadvány,1
alkalmi kiadvány,2
alkalmi kiadvány,2
alkalmi kiadvány,2
alkalmi kiadvány,1
alkalmi kiadvány,2
alkalmi kiadvány,4
alkalmi kiadvány,1
alkalmi kiadvány,1
iskolai kiadvány,1
alkalmi kiadvány,4
egyházi-vallási kiadvány,3
állami működéshez kapcsolódó kiadvány,1
állami működéshez kapcsolódó kiadvány,2
alkalmi kiadvány,1
alkalmi kiadvány,1
alkalmi kiadvány,1
alkalmi kiadvány,1
alkalmi kiadvány,1
alkalmi kiadvány,1
állami működéshez kapcsolódó kiadvány,3
szórakoztató kiadvány,1
alkalmi kiadvány,1
alkalmi kiadvány,2
alkalmi kiadvány,1
alkalmi kiadvány,1
alkalmi kiadvány,1
alkalmi kiadvány,3
alkalmi kiadvány,2
iskolai kiadvány,1
állami működéshez kapcsolódó kiadvány,3
szórakoztató kiadvány,3
iskolai kiadvány,5
alkalmi kiadvány,1
állami működéshez kapcsolódó kiadvány,4
alkalmi kiadvány,1
alkalmi kiadvány,1
alkalmi kiadvány,1
alkalmi kiadvány,1
alkalmi kiadvány,1
egyházi-vallási kiadvány,1
alkalmi kiadvány,9
alkalmi kiadvány,4
alkalmi kiadvány,2
alkalmi kiadvány,1
egyházi-vallási kiadvány,1
alkalmi kiadvány,4
alkalmi kiadvány,1
állami működéshez kapcsolódó kiadvány,1
alkalmi kiadvány,4
alkalmi kiadvány,2
alkalmi kiadvány,1
alkalmi kiadvány,1
alkalmi kiadvány,1
egyházi-vallási kiadvány,1
egyházi-vallási kiadvány,1
tudományos kiadvány,2
egyházi-vallási kiadvány,1
egyházi-vallási kiadvány,1
alkalmi kiadvány,1
alkalmi kiadvány,1
alkalmi kiadvány,1
alkalmi kiadvány,6
állami működéshez kapcsolódó kiadvány,4
állami működéshez kapcsolódó kiadvány,4
állami működéshez kapcsolódó kiadvány,5
egyházi-vallási kiadvány,1
egyházi-vallási kiadvány,88
alkalmi kiadvány,5
alkalmi kiadvány,1
egyházi-vallási kiadvány,2
alkalmi kiadvány,1
állami működéshez kapcsolódó kiadvány,5
alkalmi kiadvány,1
alkalmi kiadvány,1
egyházi-vallási kiadvány,2
egyházi-vallási kiadvány,1
egyházi-vallási kiadvány,2
egyházi-vallási kiadvány,6
alkalmi kiadvány,3
alkalmi kiadvány,2
alkalmi kiadvány,3
alkalmi kiadvány,1
alkalmi kiadvány,3
alkalmi kiadvány,2
alkalmi kiadvány,3
alkalmi kiadvány,2
egyházi-vallási kiadvány,5
egyházi-vallási kiadvány,1
állami működéshez kapcsolódó kiadvány,5
állami működéshez kapcsolódó kiadvány,2
egyházi-vallási kiadvány,1
iskolai kiadvány,1
alkalmi kiadvány,1
egyházi-vallási kiadvány,1
egyházi-vallási kiadvány,1
alkalmi kiadvány,2
alkalmi kiadvány,2
alkalmi kiadvány,4
alkalmi kiadvány,3
alkalmi kiadvány,1
alkalmi kiadvány,2
alkalmi kiadvány,2
alkalmi kiadvány,1
alkalmi kiadvány,2
alkalmi kiadvány,2
alkalmi kiadvány,3
egyházi-vallási kiadvány,7
egyházi-vallási kiadvány,1
alkalmi kiadvány,3
alkalmi kiadvány,2
állami működéshez kapcsolódó kiadvány,5
állami működéshez kapcsolódó kiadvány,6
alkalmi kiadvány,1
alkalmi kiadvány,2
alkalmi kiadvány,1
alkalmi kiadvány,1
alkalmi kiadvány,1
alkalmi kiadvány,1
alkalmi kiadvány,1
alkalmi kiadvány,3
alkalmi kiadvány,2
állami működéshez kapcsolódó kiadvány,6
állami működéshez kapcsolódó kiadvány,6
egyházi-vallási kiadvány,1
alkalmi kiadvány,2
alkalmi kiadvány,1
alkalmi kiadvány,1
alkalmi kiadvány,1
alkalmi kiadvány,1
alkalmi kiadvány,1
alkalmi kiadvány,1
alkalmi kiadvány,1
alkalmi kiadvány,1
egyházi-vallási kiadvány,3
alkalmi kiadvány,1
alkalmi kiadvány,2
alkalmi kiadvány,1
alkalmi kiadvány,1
alkalmi kiadvány,2
állami működéshez kapcsolódó kiadvány,1
állami működéshez kapcsolódó kiadvány,8
állami működéshez kapcsolódó kiadvány,8
állami működéshez kapcsolódó kiadvány,3
szórakoztató kiadvány,40
alkalmi kiadvány,2
egyházi-vallási kiadvány,1
egyházi-vallási kiadvány,3
alkalmi kiadvány,1
alkalmi kiadvány,1
alkalmi kiadvány,2
alkalmi kiadvány,1
alkalmi kiadvány,7
állami működéshez kapcsolódó kiadvány,9
állami működéshez kapcsolódó kiadvány,7
egyházi-vallási kiadvány,9
szórakoztató kiadvány,1
egyházi-vallási kiadvány,1
alkalmi kiadvány,1
alkalmi kiadvány,4
alkalmi kiadvány,2
alkalmi kiadvány,3
alkalmi kiadvány,4
iskolai kiadvány,1
alkalmi kiadvány,1
alkalmi kiadvány,2
iskolai kiadvány,1
egyházi-vallási kiadvány,1
egyházi-vallási kiadvány,1
állami működéshez kapcsolódó kiadvány,9
állami működéshez kapcsolódó kiadvány,6
szórakoztató kiadvány,3
alkalmi kiadvány,3
alkalmi kiadvány,1
alkalmi kiadvány,3
alkalmi kiadvány,2
alkalmi kiadvány,3
egyházi-vallási kiadvány,3
alkalmi kiadvány,10
egyházi-vallási kiadvány,1
egyházi-vallási kiadvány,5
alkalmi kiadvány,2
egyházi-vallási kiadvány,6
alkalmi kiadvány,1
alkalmi kiadvány,2
alkalmi kiadvány,1
alkalmi kiadvány,1
alkalmi kiadvány,3
alkalmi kiadvány,1
alkalmi kiadvány,1
alkalmi kiadvány,1
alkalmi kiadvány,1
alkalmi kiadvány,2
alkalmi kiadvány,1
alkalmi kiadvány,1
alkalmi kiadvány,1
állami működéshez kapcsolódó kiadvány,1
alkalmi kiadvány,1
alkalmi kiadvány,2
alkalmi kiadvány,3
alkalmi kiadvány,1
egyházi-vallási kiadvány,2
egyházi-vallási kiadvány,8
iskolai kiadvány,3
állami működéshez kapcsolódó kiadvány,2
állami működéshez kapcsolódó kiadvány,4
szórakoztató kiadvány,1
állami működéshez kapcsolódó kiadvány,4
állami működéshez kapcsolódó kiadvány,34
egyházi-vallási kiadvány,1
alkalmi kiadvány,1
egyházi-vallási kiadvány,2
alkalmi kiadvány,1
alkalmi kiadvány,3
alkalmi kiadvány,3
alkalmi kiadvány,2
alkalmi kiadvány,1
alkalmi kiadvány,1
alkalmi kiadvány,3
egyházi-vallási kiadvány,4
alkalmi kiadvány,2
egyházi-vallási kiadvány,1
tudományos kiadvány,4
alkalmi kiadvány,1
alkalmi kiadvány,2
alkalmi kiadvány,1
alkalmi kiadvány,5
alkalmi kiadvány,1
egyházi-vallási kiadvány,2
alkalmi kiadvány,1
alkalmi kiadvány,1
állami működéshez kapcsolódó kiadvány,4
állami működéshez kapcsolódó kiadvány,6
egyházi-vallási kiadvány,1
alkalmi kiadvány,2
alkalmi kiadvány,2
alkalmi kiadvány,1
alkalmi kiadvány,1
alkalmi kiadvány,3
alkalmi kiadvány,1
alkalmi kiadvány,1
egyházi-vallási kiadvány,1
alkalmi kiadvány,1
alkalmi kiadvány,1
szórakoztató kiadvány,1
alkalmi kiadvány,1
alkalmi kiadvány,1
alkalmi kiadvány,1
állami működéshez kapcsolódó kiadvány,4
állami működéshez kapcsolódó kiadvány,5
állami működéshez kapcsolódó kiadvány,36
egyházi-vallási kiadvány,3
állami működéshez kapcsolódó kiadvány,2
alkalmi kiadvány,1
alkalmi kiadvány,1
alkalmi kiadvány,5
alkalmi kiadvány,1
alkalmi kiadvány,1
állami működéshez kapcsolódó kiadvány,5
egyházi-vallási kiadvány,1
alkalmi kiadvány,1
egyházi-vallási kiadvány,2
alkalmi kiadvány,1
alkalmi kiadvány,2
egyházi-vallási kiadvány,1
egyházi-vallási kiadvány,10
állami működéshez kapcsolódó kiadvány,1
állami működéshez kapcsolódó kiadvány,18
egyházi-vallási kiadvány,1
egyházi-vallási kiadvány,5
alkalmi kiadvány,2
alkalmi kiadvány,1
alkalmi kiadvány,3
szórakoztató kiadvány,3
alkalmi kiadvány,1
alkalmi kiadvány,1
alkalmi kiadvány,2
alkalmi kiadvány,1
alkalmi kiadvány,7
alkalmi kiadvány,3
alkalmi kiadvány,2
alkalmi kiadvány,2
iskolai kiadvány,2
egyházi-vallási kiadvány,1
egyházi-vallási kiadvány,2
állami működéshez kapcsolódó kiadvány,3
alkalmi kiadvány,1
alkalmi kiadvány,1
alkalmi kiadvány,1
állami működéshez kapcsolódó kiadvány,1
állami működéshez kapcsolódó kiadvány,1
állami működéshez kapcsolódó kiadvány,2
egyházi-vallási kiadvány,2
egyházi-vallási kiadvány,1
állami működéshez kapcsolódó kiadvány,4
alkalmi kiadvány,1
alkalmi kiadvány,1
alkalmi kiadvány,4
iskolai kiadvány,1
alkalmi kiadvány,1
szórakoztató kiadvány,2
egyházi-vallási kiadvány,2
alkalmi kiadvány,5
alkalmi kiadvány,2
alkalmi kiadvány,1
alkalmi kiadvány,1
alkalmi kiadvány,1
egyházi-vallási kiadvány,11
állami működéshez kapcsolódó kiadvány,1
egyházi-vallási kiadvány,1
iskolai kiadvány,1
állami működéshez kapcsolódó kiadvány,2
állami működéshez kapcsolódó kiadvány,1
állami működéshez kapcsolódó kiadvány,5
alkalmi kiadvány,3
egyházi-vallási kiadvány,1
alkalmi kiadvány,1
alkalmi kiadvány,1
egyházi-vallási kiadvány,1
alkalmi kiadvány,3
szórakoztató kiadvány,7
egyházi-vallási kiadvány,49
egyházi-vallási kiadvány,3
alkalmi kiadvány,1
egyházi-vallási kiadvány,5
egyházi-vallási kiadvány,1
egyházi-vallási kiadvány,5
állami működéshez kapcsolódó kiadvány,1
szórakoztató kiadvány,2
alkalmi kiadvány,1
szórakoztató kiadvány,1
alkalmi kiadvány,3
alkalmi kiadvány,1
állami működéshez kapcsolódó kiadvány,7
állami működéshez kapcsolódó kiadvány,4
egyházi-vallási kiadvány,1
egyházi-vallási kiadvány,1
alkalmi kiadvány,1
alkalmi kiadvány,1
egyházi-vallási kiadvány,1
alkalmi kiadvány,1
alkalmi kiadvány,4
egyházi-vallási kiadvány,1
egyházi-vallási kiadvány,1
alkalmi kiadvány,8
egyházi-vallási kiadvány,3
alkalmi kiadvány,2
alkalmi kiadvány,2
egyházi-vallási kiadvány,1
alkalmi kiadvány,1
állami működéshez kapcsolódó kiadvány,2
egyházi-vallási kiadvány,1
állami működéshez kapcsolódó kiadvány,5
alkalmi kiadvány,1
alkalmi kiadvány,2
egyházi-vallási kiadvány,9
alkalmi kiadvány,3
egyházi-vallási kiadvány,4
egyházi-vallási kiadvány,31
alkalmi kiadvány,5
egyházi-vallási kiadvány,1
állami működéshez kapcsolódó kiadvány,6
alkalmi kiadvány,2
alkalmi kiadvány,1
egyházi-vallási kiadvány,2
állami működéshez kapcsolódó kiadvány,1
iskolai kiadvány,1
állami működéshez kapcsolódó kiadvány,32
állami működéshez kapcsolódó kiadvány,3
alkalmi kiadvány,1
egyházi-vallási kiadvány,3
alkalmi kiadvány,3
alkalmi kiadvány,8
egyházi-vallási kiadvány,1
alkalmi kiadvány,2
iskolai kiadvány,1
alkalmi kiadvány,8
egyházi-vallási kiadvány,5
egyházi-vallási kiadvány,3
egyházi-vallási kiadvány,9
alkalmi kiadvány,1
iskolai kiadvány,1
állami működéshez kapcsolódó kiadvány,5
egyházi-vallási kiadvány,1
alkalmi kiadvány,3
alkalmi kiadvány,4
egyházi-vallási kiadvány,1
egyházi-vallási kiadvány,1
egyházi-vallási kiadvány,2
alkalmi kiadvány,2
állami működéshez kapcsolódó kiadvány,2
alkalmi kiadvány,2
állami működéshez kapcsolódó kiadvány,7
alkalmi kiadvány,22
alkalmi kiadvány,1
egyházi-vallási kiadvány,1
alkalmi kiadvány,1
alkalmi kiadvány,3
alkalmi kiadvány,6
alkalmi kiadvány,2
egyházi-vallási kiadvány,45
egyházi-vallási kiadvány,2
alkalmi kiadvány,2
alkalmi kiadvány,1
egyházi-vallási kiadvány,2
alkalmi kiadvány,1
iskolai kiadvány,1
egyházi-vallási kiadvány,38
állami működéshez kapcsolódó kiadvány,2
állami működéshez kapcsolódó kiadvány,11
állami működéshez kapcsolódó kiadvány,3
iskolai kiadvány,1
alkalmi kiadvány,1
alkalmi kiadvány,3
alkalmi kiadvány,5
alkalmi kiadvány,12
egyházi-vallási kiadvány,3
egyházi-vallási kiadvány,45
alkalmi kiadvány,2
alkalmi kiadvány,1
alkalmi kiadvány,1
alkalmi kiadvány,1
iskolai kiadvány,1
alkalmi kiadvány,2
alkalmi kiadvány,4
állami működéshez kapcsolódó kiadvány,1
állami működéshez kapcsolódó kiadvány,7
alkalmi kiadvány,1
egyházi-vallási kiadvány,4
alkalmi kiadvány,2
egyházi-vallási kiadvány,4
egyházi-vallási kiadvány,3
szórakoztató kiadvány,1
alkalmi kiadvány,2
alkalmi kiadvány,1
alkalmi kiadvány,9
egyházi-vallási kiadvány,10
alkalmi kiadvány,1
tudományos kiadvány,1
alkalmi kiadvány,2
egyházi-vallási kiadvány,1
egyházi-vallási kiadvány,1
állami működéshez kapcsolódó kiadvány,8
állami működéshez kapcsolódó kiadvány,5
állami működéshez kapcsolódó kiadvány,5
állami működéshez kapcsolódó kiadvány,1
alkalmi kiadvány,1
állami működéshez kapcsolódó kiadvány,3
iskolai kiadvány,2
alkalmi kiadvány,3
alkalmi kiadvány,10
egyházi-vallási kiadvány,8
egyházi-vallási kiadvány,27
egyházi-vallási kiadvány,1
alkalmi kiadvány,2
állami működéshez kapcsolódó kiadvány,1
alkalmi kiadvány,1
alkalmi kiadvány,8
alkalmi kiadvány,1
egyházi-vallási kiadvány,1
állami működéshez kapcsolódó kiadvány,8
alkalmi kiadvány,2
iskolai kiadvány,1
egyházi-vallási kiadvány,2
alkalmi kiadvány,1
egyházi-vallási kiadvány,2
alkalmi kiadvány,3
egyházi-vallási kiadvány,3
egyházi-vallási kiadvány,2
egyházi-vallási kiadvány,39
szórakoztató kiadvány,1
alkalmi kiadvány,9
alkalmi kiadvány,2
egyházi-vallási kiadvány,1
alkalmi kiadvány,1
állami működéshez kapcsolódó kiadvány,17
egyházi-vallási kiadvány,14
alkalmi kiadvány,1
állami működéshez kapcsolódó kiadvány,7
állami működéshez kapcsolódó kiadvány,3
alkalmi kiadvány,5
egyházi-vallási kiadvány,2
alkalmi kiadvány,5
alkalmi kiadvány,1
alkalmi kiadvány,1
egyházi-vallási kiadvány,2
alkalmi kiadvány,1
alkalmi kiadvány,1
egyházi-vallási kiadvány,7
egyházi-vallási kiadvány,4
alkalmi kiadvány,2
állami működéshez kapcsolódó kiadvány,2
egyházi-vallási kiadvány,1
állami működéshez kapcsolódó kiadvány,9
állami működéshez kapcsolódó kiadvány,6
egyházi-vallási kiadvány,1
alkalmi kiadvány,2
alkalmi kiadvány,5
alkalmi kiadvány,1
állami működéshez kapcsolódó kiadvány,1
alkalmi kiadvány,1
egyházi-vallási kiadvány,2
iskolai kiadvány,1
alkalmi kiadvány,1
alkalmi kiadvány,1
