RMNY,Hely,Év,Proveniencia,Őrzőhely,Időpont,Forrás,Kötet,Szám
15,Kraków,1535,Rákóczi-család,Sárospatak,1660,KKK,1,162
156,Kraków,1559,Rákóczi-család,Sárospatak,1660,KKK,1,149
156,Kraków,1559,Rákóczi-család,Sárospatak,1660,KKK,1,157
181,Debrecen,1562,Rákóczi-család,Sárospatak,1660,KKK,1,149
277,Debrecen,1570,Rákóczi-család,Sárospatak,1660,KKK,1,161
288,Kolozsvár,1570,Rákóczi-család,Sárospatak,1660,KKK,1,166
324,Kolozsvár,1572,Rákóczi-család,Sárospatak,1660,KKK,1,164
333,Sempte,1573,Rákóczi-család,Sárospatak,1660,KKK,1,153
334,Alsólendva,1574,Rákóczi-család,Sárospatak,1660,KKK,1,154
347,Gyulafehérvár,1574,Rákóczi-család,Sárospatak,1660,KKK,1,160
355,Sempte,1574,Rákóczi-család,Sárospatak,1660,KKK,1,153
362,Sempte,1575,Rákóczi-család,Sárospatak,1660,KKK,1,153
374,Wien,1577,Rákóczi-család,Sárospatak,1660,KKK,1,154
396,Sempte,1577,Rákóczi-család,Sárospatak,1660,KKK,1,163
422,Sempte,1578,Rákóczi-család,Sárospatak,1660,KKK,1,153
432,Detrekő,1579,Rákóczi-család,Sárospatak,1660,KKK,1,153
474,Nagyszombat,1580,Rákóczi-család,Sárospatak,1660,KKK,1,154
528,Nagyszombat,1583,Rákóczi-család,Sárospatak,1660,KKK,1,160
539,Debrecen,1584,Rákóczi-család,Sárospatak,1660,KKK,1,158
620,Nagyszombat,1588,Rákóczi-család,Sárospatak,1660,KKK,1,159
632,Nagyszombat,1589,Rákóczi-család,Sárospatak,1660,KKK,1,159
633,Nagyszombat,1589,Rákóczi-család,Sárospatak,1660,KKK,1,146
633,Nagyszombat,1589,Rákóczi-család,Sárospatak,1660,KKK,1,157
638,Basel,1590,Rákóczi-család,Sárospatak,1660,KKK,1,30
666,Wien,1637,Rákóczi-család,Sárospatak,1660,KKK,1,164
697,Pozsony,1639,Rákóczi-család,Sárospatak,1660,KKK,1,164
733,Lövő,1593,Rákóczi-család,Sárospatak,1660,KKK,1,167
765,Nagyszombat,1595,Rákóczi-család,Sárospatak,1660,KKK,1,162
781,Nagyszombat,1596,Rákóczi-család,Sárospatak,1660,KKK,1,160
830,Debrecen,1598,Rákóczi-család,Sárospatak,1660,KKK,1,157
860,Kolozsvár,1599,Rákóczi-család,Sárospatak,1660,KKK,1,153
865,Debrecen,1600,Rákóczi-család,Sárospatak,1660,KKK,1,162
868,Nagyszombat,1600,Rákóczi-család,Sárospatak,1660,KKK,1,159
873,Bártfa,1601,Rákóczi-család,Sárospatak,1660,KKK,1,156
874,Debrecen,1601,Rákóczi-család,Sárospatak,1660,KKK,1,155
888,Sárvár,1602,Rákóczi-család,Sárospatak,1660,KKK,1,156
895,Debrecen,1603,Rákóczi-család,Sárospatak,1660,KKK,1,154
902,Keresztúr,1603,Rákóczi-család,Sárospatak,1660,KKK,1,158
919,Nürnberg,1604,Rákóczi-család,Sárospatak,1660,KKK,1,151
933,Graz,1605,Rákóczi-család,Sárospatak,1660,KKK,1,161
945,Graz,1606,Rákóczi-család,Sárospatak,1660,KKK,1,164
962,Herborn,1607,Rákóczi-család,Sárospatak,1660,KKK,1,146
967,Bártfa,1608,Rákóczi-család,Sárospatak,1660,KKK,1,159
1025,Pozsony,1611,Rákóczi-család,Sárospatak,1660,KKK,1,117
1025,Pozsony,1611,Rákóczi-család,Sárospatak,1660,KKK,1,167
1030,Bártfa,1612,Rákóczi-család,Sárospatak,1660,KKK,1,166
1038,Oppenheim,1612,Rákóczi-család,Sárospatak,1660,KKK,1,167
1059,Pozsony,1613,Rákóczi-család,Sárospatak,1660,KKK,1,134
1063,Debrecen,1614,Rákóczi-család,Sárospatak,1660,KKK,1,167
1072,Keresztúr,1614,Rákóczi-család,Sárospatak,1660,KKK,1,157
1075,Lőcse,1614,Rákóczi-család,Sárospatak,1660,KKK,1,166
1083,Debrecen,1615,Rákóczi-család,Sárospatak,1660,KKK,1,166
1091,Keresztúr,1615,Rákóczi-család,Sárospatak,1660,KKK,1,157
1109,Debrecen,1616,Rákóczi-család,Sárospatak,1660,KKK,1,166
1116,Pozsony,1616,Rákóczi-család,Sárospatak,1660,KKK,1,158
1119,Praha,1616,Rákóczi-család,Sárospatak,1660,KKK,1,159
1131,Debrecen,1617,Rákóczi-család,Sárospatak,1660,KKK,1,165
1132,Debrecen,1617,Rákóczi-család,Sárospatak,1660,KKK,1,155
1146,Praha,1617,Rákóczi-család,Sárospatak,1660,KKK,1,155
1155,Kassa,1618,Rákóczi-család,Sárospatak,1660,KKK,1,163
1171,Bártfa,1619,Rákóczi-család,Sárospatak,1660,KKK,1,165
1174,Debrecen,1619,Rákóczi-család,Sárospatak,1660,KKK,1,164
1236,Debrecen,1621,Rákóczi-család,Sárospatak,1660,KKK,1,161
1237,Debrecen,1621,Rákóczi-család,Sárospatak,1660,KKK,1,162
1238,Heidelberg,1621,Rákóczi-család,Sárospatak,1660,KKK,1,162
1251,Kolozsvár,1621,Rákóczi-család,Sárospatak,1660,KKK,1,164
1307,Gyulafehérvár,1624,Rákóczi-család,Sárospatak,1660,KKK,1,158
1308,Hanau,1624,Rákóczi-család,Sárospatak,1660,KKK,1,147
1334,Kassa,1625,Rákóczi-család,Sárospatak,1660,KKK,1,163
1347,Bártfa,1626,Rákóczi-család,Sárospatak,1660,KKK,1,164
1351,Wien,1626,Rákóczi-család,Sárospatak,1660,KKK,1,161
1372,Pápa,1626,Rákóczi-család,Sárospatak,1660,KKK,1,167
1376,Wien,1627,Rákóczi-család,Sárospatak,1660,KKK,1,146
1391,Kraków,1627,Rákóczi-család,Sárospatak,1660,KKK,1,160
1395,Lőcse,1627,Rákóczi-család,Sárospatak,1660,KKK,1,160
1427,Debrecen,1629,Rákóczi-család,Sárospatak,1660,KKK,1,156
1467,Gyulafehérvár,1630,Rákóczi-család,Sárospatak,1660,KKK,1,163
1509,Pozsony,1631,Rákóczi-család,Sárospatak,1660,KKK,1,146
1521,Bártfa,1632,Rákóczi-család,Sárospatak,1660,KKK,1,116
1534,Gyulafehérvár,1632,Rákóczi-család,Sárospatak,1660,KKK,1,157
1535,Kassa,1632,Rákóczi-család,Sárospatak,1660,KKK,1,161
1536,Kassa,1632,Rákóczi-család,Sárospatak,1660,KKK,1,147
1566,Kassa,1633,Rákóczi-család,Sárospatak,1660,KKK,1,147
1634,Bártfa,1636,Rákóczi-család,Sárospatak,1660,KKK,1,74
1639,Debrecen,1636,Rákóczi-család,Sárospatak,1660,KKK,1,167
1674,Gyulafehérvár,1637,Rákóczi-család,Sárospatak,1660,KKK,1,53
1720,Gyulafehérvár,1638,Rákóczi-család,Sárospatak,1660,KKK,1,32
1758,Bártfa,1639,Rákóczi-család,Sárospatak,1660,KKK,1,69
1825,Gyulafehérvár,1640,Rákóczi-család,Sárospatak,1660,KKK,1,36
1826,Gyulafehérvár,1640,Rákóczi-család,Sárospatak,1660,KKK,1,52
1827,Gyulafehérvár,1640,Rákóczi-család,Sárospatak,1660,KKK,1,57
1827,Gyulafehérvár,1640,Rákóczi-család,Sárospatak,1660,KKK,1,137
1828,Kolozsvár,1641,Rákóczi-család,Sárospatak,1660,KKK,1,119
1841,Pozsony,1640,Rákóczi-család,Sárospatak,1660,KKK,1,152
1849,Pozsony,1640,Rákóczi-család,Sárospatak,1660,KKK,1,74
1852,Pozsony,1640,Rákóczi-család,Sárospatak,1660,KKK,1,36
1867,Bártfa,1641,Rákóczi-család,Sárospatak,1660,KKK,1,152
1876,Debrecen,1641,Rákóczi-család,Sárospatak,1660,KKK,1,133
1877,Gyulafehérvár,"1635, 1641",Rákóczi-család,Sárospatak,1660,KKK,1,38
1884,Gyulafehérvár,1641,Rákóczi-család,Sárospatak,1660,KKK,1,55
1886,Kolozsvár,1641,Rákóczi-család,Sárospatak,1660,KKK,1,50
1910,Trencsén,1641,Rákóczi-család,Sárospatak,1660,KKK,1,149
1914,Nagyvárad,1641,Rákóczi-család,Sárospatak,1660,KKK,1,47
1926,Gyulafehérvár,1642,Rákóczi-család,Sárospatak,1660,KKK,1,40
1976,Nagyvárad,1643,Rákóczi-család,Sárospatak,1660,KKK,1,119
1982,Bártfa,1643,Rákóczi-család,Sárospatak,1660,KKK,1,63
2019,Pozsony,1643,Rákóczi-család,Sárospatak,1660,KKK,1,150
2040,Nagyvárad,1643,Rákóczi-család,Sárospatak,1660,KKK,1,36
2047,Bártfa,1644,Rákóczi-család,Sárospatak,1660,KKK,1,120
2074,Lőcse,1645,Rákóczi-család,Sárospatak,1660,KKK,1,153
2103,Gyulafehérvár,1645,Rákóczi-család,Sárospatak,1660,KKK,1,47
2120,Lőcse,1645,Rákóczi-család,Sárospatak,1660,KKK,1,86
2124,Nagyvárad,1645,Rákóczi-család,Sárospatak,1660,KKK,1,52
2127,Nagyvárad,1645,Rákóczi-család,Sárospatak,1660,KKK,1,48
2197,Nagyvárad,1647,Rákóczi-család,Sárospatak,1660,KKK,1,52
2201,Amszterdam,1648,Rákóczi-család,Sárospatak,1660,KKK,1,75
2206,Brassó,1648,Rákóczi-család,Sárospatak,1660,KKK,1,57
2260,Gyulafehérvár,1649,Rákóczi-család,Sárospatak,1660,KKK,1,63
2298,Nagyvárad,1649,Rákóczi-család,Sárospatak,1660,KKK,1,52
2309,Bártfa,1650,Rákóczi-család,Sárospatak,1660,KKK,1,53
2310,Bártfa,1650,Rákóczi-család,Sárospatak,1660,KKK,1,57
2381,Lőcse,1651,Rákóczi-család,Sárospatak,1660,KKK,1,148
2392,Sárospatak,1651,Rákóczi-család,Sárospatak,1660,KKK,1,50
1214A,Kassa,1620,Rákóczi-család,Sárospatak,1660,KKK,1,165
961,Graz,1607,Jezsuita-kollégium,Nagyszombat,1635,KKK,3,92
1078,Pozsony,1614,Jezsuita-kollégium,Nagyszombat,1635,KKK,3,91
1116,Pozsony,1616,Jezsuita-kollégium,Nagyszombat,1635,KKK,3,122
49,Sárvár,1541,Batthyány Ádám,Németújvár,1654,KKK,4,252
109,Kolozsvár,1554,Batthyány Ádám,Németújvár,1651,KKK,4,193
207,Debrecen,1565,Batthyány Ádám,Németújvár,1642,KKK,4,153
207,Debrecen,1565,Batthyány Ádám,Németújvár,1644,KKK,4,182
207,Debrecen,1565,Batthyány Ádám,Németújvár,1653,KKK,4,232
297,Debrecen,1570,Batthyány Ádám,Németújvár,1651,KKK,4,191
316,Kolozsvár,1571,Batthyány Ádám,Németújvár,1651,KKK,4,192
317,Kolozsvár,1572,Batthyány Ádám,Németújvár,1644,KKK,4,182
317,Kolozsvár,1572,Batthyány Ádám,Németújvár,1653,KKK,4,223
344,Debrecen,1574,Batthyány Ádám,Németújvár,1651,KKK,4,193
388,Kolozsvár,1577,Batthyány Ádám,Németújvár,1651,KKK,4,193
415,Kolozsvár,1578,Batthyány Ádám,Németújvár,1651,KKK,4,193
416,Kolozsvár,1578,Batthyány Ádám,Németújvár,1651,KKK,4,192
532,Németújvár,1582,Batthyány Ádám,Németújvár,1654,KKK,4,250
671,Nagyszombat,1591,Batthyány Ádám,Németújvár,1651,KKK,4,205
747,Kolozsvár,1594,Batthyány Ádám,Németújvár,1654,KKK,4,242
767,Venezia,1595,Batthyány Ádám,Németújvár,1642,KKK,4,153
783,Nagyszombat,1596,Batthyány Ádám,Németújvár,1654,KKK,4,247
890,Sárvár,1602,Batthyány Ádám,Németújvár,1654,KKK,4,250
945,Graz,1606,Batthyány Ádám,Németújvár,1651,KKK,4,208
971,Hanau,1608,Batthyány Ádám,Németújvár,1644,KKK,4,164
971,Hanau,1608,Batthyány Ádám,Németújvár,1653,KKK,4,235
994,Graz,1610,Batthyány Ádám,Németújvár,1644,KKK,4,169
1012,Hanau,1611,Batthyány Ádám,Németújvár,1644,KKK,4,183
1012,Hanau,1611,Batthyány Ádám,Németújvár,1653,KKK,4,237
1067,Kassa,1614,Batthyány Ádám,Németújvár,1654,KKK,4,242
1077,Lőcse,1614,Batthyány Ádám,Németújvár,1651,KKK,4,211
1077,Lőcse,1614,Batthyány Ádám,Németújvár,1654,KKK,4,252
1172,Debrecen,1619,Batthyány Ádám,Németújvár,1651,KKK,4,194
1172,Debrecen,1619,Batthyány Ádám,Németújvár,1651,KKK,4,194
1174,Debrecen,1619,Batthyány Ádám,Németújvár,1651,KKK,4,204
1193,Nagyszombat,1619,Batthyány Ádám,Németújvár,1642,KKK,4,153
1193,Nagyszombat,1619,Batthyány Ádám,Németújvár,1644,KKK,4,182
1193,Nagyszombat,1619,Batthyány Ádám,Németújvár,1653,KKK,4,233
1202,Wien,1620,Batthyány Ádám,Németújvár,1644,KKK,4,185
1215,Kassa,1620,Batthyány Ádám,Németújvár,1651,KKK,4,191
1293,Pozsony,1623,Batthyány Ádám,Németújvár,1644,KKK,4,164
1293,Pozsony,1623,Batthyány Ádám,Németújvár,1653,KKK,4,235
1294,Praha,1623,Batthyány Ádám,Németújvár,1651,KKK,4,204
1297,Wien,1624,Batthyány Ádám,Németújvár,1651,KKK,4,206
1297,Wien,1624,Batthyány Ádám,Németújvár,1651,KKK,4,206
1311,Kolozsvár,1624,Batthyány Ádám,Németújvár,1651,KKK,4,192
1347,Bártfa,1626,Batthyány Ádám,Németújvár,1651,KKK,4,204
1351,Wien,1626,Batthyány Ádám,Németújvár,1644,KKK,4,161
1351,Wien,1626,Batthyány Ádám,Németújvár,1653,KKK,4,236
1352,Wien,1626,Batthyány Ádám,Németújvár,1642,KKK,4,157
1352,Wien,1626,Batthyány Ádám,Németújvár,1653,KKK,4,234
1376,Wien,1627,Batthyány Ádám,Németújvár,1644,KKK,4,161
1376,Wien,1627,Batthyány Ádám,Németújvár,1653,KKK,4,236
1395,Lőcse,1627,Batthyány Ádám,Németújvár,1651,KKK,4,190
1400,Bártfa,1628,Batthyány Ádám,Németújvár,1644,KKK,4,173
1416,Lőcse,1628,Batthyány Ádám,Németújvár,1651,KKK,4,192
1418,Lőcse,1625,Batthyány Ádám,Németújvár,1651,KKK,4,195
1423,Wien,1629,Batthyány Ádám,Németújvár,1644,KKK,4,184
1423,Wien,1629,Batthyány Ádám,Németújvár,1651,KKK,4,210
1441,Lőcse,1629,Batthyány Ádám,Németújvár,1651,KKK,4,195
1441,Lőcse,1629,Batthyány Ádám,Németújvár,1651,KKK,4,202
1451,Nagyszeben,1629,Batthyány Ádám,Németújvár,1644,KKK,4,184
1451,Nagyszeben,1629,Batthyány Ádám,Németújvár,1653,KKK,4,238
1483,Lőcse,1630,Batthyány Ádám,Németújvár,1644,KKK,4,161
1489,Wien,1631,Batthyány Ádám,Németújvár,1651,KKK,4,210
1509,Pozsony,1631,Batthyány Ádám,Németújvár,1644,KKK,4,165
1510,Pozsony,1631,Batthyány Ádám,Németújvár,1644,KKK,4,165
1519,Bártfa,1632,Batthyány Ádám,Németújvár,1654,KKK,4,252
1521,Bártfa,1632,Batthyány Ádám,Németújvár,1642,KKK,4,152
1521,Bártfa,1632,Batthyány Ádám,Németújvár,1644,KKK,4,182
1521,Bártfa,1632,Batthyány Ádám,Németújvár,1653,KKK,4,232
1566,Kassa,1633,Batthyány Ádám,Németújvár,1654,KKK,4,249
1571,Lőcse,1633,Batthyány Ádám,Németújvár,1651,KKK,4,191
1602,Csepreg,1635,Batthyány Ádám,Németújvár,1654,KKK,4,250
1639,Debrecen,1636,Batthyány Ádám,Németújvár,1651,KKK,4,207
1639,Debrecen,1636,Batthyány Ádám,Németújvár,1654,KKK,4,251
1659,Pozsony,1636,Batthyány Ádám,Németújvár,1644,KKK,4,164
1659,Pozsony,1636,Batthyány Ádám,Németújvár,1653,KKK,4,235
1667,Wien,1637,Batthyány Ádám,Németújvár,1638,KKK,4,265
1678,Leiden,1637,Batthyány Ádám,Németújvár,1651,KKK,4,207
1678,Leiden,1637,Batthyány Ádám,Németújvár,1654,KKK,4,251
1695,Pozsony,1637,Batthyány Ádám,Németújvár,1642,KKK,4,155
1787,Pozsony,1639,Batthyány Ádám,Németújvár,1651,KKK,4,215
1788,Pozsony,1639,Batthyány Ádám,Németújvár,1651,KKK,4,203
1849,Pozsony,1640,Batthyány Ádám,Németújvár,1651,KKK,4,203
2016,Pozsony,1643,Batthyány Ádám,Németújvár,1654,KKK,4,251
2018,Pozsony,1643,Batthyány Ádám,Németújvár,1651,KKK,4,197
2097,Wien,1645,Batthyány Ádám,Németújvár,1651,KKK,4,200
2112,Pozsony,1645,Batthyány Ádám,Németújvár,1651,KKK,4,214
2171,Gyulafehérvár,1647,Batthyány Ádám,Németújvár,1651,KKK,4,201
2171,Gyulafehérvár,1647,Batthyány Ádám,Németújvár,1654,KKK,4,242
2187,Lőcse,1647,Batthyány Ádám,Németújvár,1651,KKK,4,195
2249,Utrecht,1648,Batthyány Ádám,Németújvár,1651,KKK,4,206
2269,Lőcse,1649,Batthyány Ádám,Németújvár,1651,KKK,4,194
2269,Lőcse,1649,Batthyány Ádám,Németújvár,1651,KKK,4,194
2271,Lőcse,1649,Batthyány Ádám,Németújvár,1654,KKK,4,251
2308,Bártfa,1650,Batthyány Ádám,Németújvár,1651,KKK,4,192
2318,Lőcse,1650,Batthyány Ádám,Németújvár,1651,KKK,4,217
2332,Lőcse,1650,Batthyány Ádám,Németújvár,1651,KKK,4,195
2336,Pozsony,1643,Batthyány Ádám,Németújvár,1651,KKK,4,205
2360,Wien,1651,Batthyány Ádám,Németújvár,1651,KKK,4,196
2458,Wien,1653,Batthyány Ádám,Németújvár,1654,KKK,4,244
2459,Wien,1653,Batthyány Ádám,Németújvár,1654,KKK,4,243
2459,Wien,1653,Batthyány Ádám,Németújvár,1654,KKK,4,253
2461,Wien,1653,Batthyány Ádám,Németújvár,1654,KKK,4,255
2462,Wien,1653,Batthyány Ádám,Németújvár,1654,KKK,4,246
2510,Wien,1654,Batthyány Ádám,Németújvár,1654,KKK,4,247
2512,Wien,1654,Batthyány Ádám,Németújvár,1654,KKK,4,245
2512,Wien,1654,Batthyány Ádám,Németújvár,1654,KKK,4,254
2513,Wien,1654,Batthyány Ádám,Németújvár,1654,KKK,4,244
2513,Wien,1654,Batthyány Ádám,Németújvár,1654,KKK,4,254
2515,Wien,1654,Batthyány Ádám,Németújvár,1654,KKK,4,244
2018A,Pozsony,1643,Batthyány Ádám,Németújvár,1651,KKK,4,199
2508A,Wien,1654,Batthyány Ádám,Németújvár,1654,KKK,4,247
S622A,Debrecen,1589,Batthyány Ádám,Németújvár,1651,KKK,4,217
633,Nagyszombat,1589,Váradi Székeskáptalan,Nagyvárad,1779,KKK,5,262
781,Nagyszombat,1596,Váradi Székeskáptalan,Nagyvárad,1779,KKK,5,217
836,Kolozsvár,1598,Váradi Székeskáptalan,Nagyvárad,1779,KKK,5,67
1119,Praha,1616,Váradi Székeskáptalan,Nagyvárad,1779,KKK,5,264
1448,Pozsony,1629,Váradi Székeskáptalan,Nagyvárad,1779,KKK,5,91
1509,Pozsony,1631,Váradi Székeskáptalan,Nagyvárad,1779,KKK,5,265
1510,Pozsony,1631,Váradi Székeskáptalan,Nagyvárad,1779,KKK,5,265
1659,Pozsony,1636,Váradi Székeskáptalan,Nagyvárad,1779,KKK,5,265
1714,Wien,1638,Váradi Székeskáptalan,Nagyvárad,1779,KKK,5,262
2099,Frankfurt am Main,1645,Váradi Székeskáptalan,Nagyvárad,1779,KKK,5,89
2485,Sárospatak,1653,Váradi Székeskáptalan,Nagyvárad,1779,KKK,5,258
3918,Lőcse,1673,Váradi Székeskáptalan,Nagyvárad,1779,KKK,5,75
3918,Lőcse,1673,Váradi Székeskáptalan,Nagyvárad,1779,KKK,5,370
4012,Sárospatak,1675,Váradi Székeskáptalan,Nagyvárad,1779,KKK,5,263
4053,Pozsony,1675,Váradi Székeskáptalan,Nagyvárad,1779,KKK,5,114
4324,Nagyszombat,1680,Váradi Székeskáptalan,Nagyvárad,1779,KKK,5,176
4375,Nagyszombat,1681,Váradi Székeskáptalan,Nagyvárad,1779,KKK,5,264
4436,Nagyszombat,1682,Váradi Székeskáptalan,Nagyvárad,1779,KKK,5,246
1466,Gyulafehérvár,1630,"Bisterfeld, Johann",Gyulafehérvár,1655,KKK,6,14
1468,Gyulafehérvár,1630,"Bisterfeld, Johann",Gyulafehérvár,1655,KKK,6,22
1612,Gyulafehérvár,1630,"Bisterfeld, Johann",Gyulafehérvár,1655,KKK,6,14
1674,Gyulafehérvár,1637,"Bisterfeld, Johann",Gyulafehérvár,1655,KKK,6,23
1676,Kassel,1637,"Bisterfeld, Johann",Gyulafehérvár,1655,KKK,6,22
1720,Gyulafehérvár,1638,"Bisterfeld, Johann",Gyulafehérvár,1655,KKK,6,23
1827,Gyulafehérvár,1650,"Bisterfeld, Johann",Gyulafehérvár,1655,KKK,6,15
1877,Gyulafehérvár,1641,"Bisterfeld, Johann",Gyulafehérvár,1655,KKK,6,16
1879,Gyulafehérvár,1641,"Bisterfeld, Johann",Gyulafehérvár,1655,KKK,6,14
1880,Gyulafehérvár,1641,"Bisterfeld, Johann",Gyulafehérvár,1655,KKK,6,14
1881,Gyulafehérvár,1641,"Bisterfeld, Johann",Gyulafehérvár,1655,KKK,6,14
2101,Gyulafehérvár,1645,"Bisterfeld, Johann",Gyulafehérvár,1655,KKK,6,15
2141,Gyulafehérvár,1646,"Bisterfeld, Johann",Gyulafehérvár,1655,KKK,6,20
2170,Gyulafehérvár,1647,"Bisterfeld, Johann",Gyulafehérvár,1655,KKK,6,21
2208,Gyulafehérvár,1648,"Bisterfeld, Johann",Gyulafehérvár,1655,KKK,6,21
2297,Nagyvárad,1649,"Bisterfeld, Johann",Gyulafehérvár,1655,KKK,6,15
2366,Gyulafehérvár,1651,"Bisterfeld, Johann",Gyulafehérvár,1655,KKK,6,16
2367,Gyulafehérvár,1651,"Bisterfeld, Johann",Gyulafehérvár,1655,KKK,6,21
2415,Gyulafehérvár,1652,"Bisterfeld, Johann",Gyulafehérvár,1655,KKK,6,16
2416,Gyulafehérvár,1652,"Bisterfeld, Johann",Gyulafehérvár,1655,KKK,6,22
2464,Gyulafehérvár,1653,"Bisterfeld, Johann",Gyulafehérvár,1655,KKK,6,17
2527,Lyon,1654,"Bisterfeld, Johann",Gyulafehérvár,1655,KKK,6,18
196,Debrecen,1563,Ráday-család,Pécel,1730,KKK,7,165
229,Debrecen,1653,Ráday-család,Pécel,1730,KKK,7,165
259,Nagyvárad,1568,Ráday-család,Pécel,1730,KKK,7,165
360,Kolozsvár,1575,Ráday-család,Pécel,1730,KKK,7,183
525,Debrecen,1583,Ráday-család,Pécel,1730,KKK,7,203
828,Bártfa,1598,Ráday-család,Pécel,1730,KKK,7,220
854,Bártfa,1599,Ráday-család,Pécel,1730,KKK,7,218
971,Hanau,1608,Ráday-család,Pécel,1730,KKK,7,198
1081,Debrecen,1615,Ráday-család,Pécel,1730,KKK,7,188
1262,Debrecen,1622,Ráday-család,Pécel,1730,KKK,7,213
1483,Lőcse,1630,Ráday-család,Pécel,1730,KKK,7,198
1630,Lőcse,1635,Ráday-család,Pécel,1730,KKK,7,185
1634,Bártfa,1636,Ráday-család,Pécel,1730,KKK,7,148
1671,Debrecen,1637,Ráday-család,Pécel,1730,KKK,7,173
1721,Gyulafehérvár,1638,Ráday-család,Pécel,1730,KKK,7,210
1730,Lőcse,1638,Ráday-család,Pécel,1730,KKK,7,206
1772,Lőcse,1639,Ráday-család,Pécel,1730,KKK,7,208
1998,Gyulafehérvár,1643,Ráday-család,Pécel,1730,KKK,7,169
2089,Nagyvárad,1644,Ráday-család,Pécel,1730,KKK,7,172
2099,Frankfurt am Main,1644,Ráday-család,Pécel,1730,KKK,7,139
2197,Nagyvárad,1647,Ráday-család,Pécel,1730,KKK,7,164
2201,Amszterdam,1648,Ráday-család,Pécel,1730,KKK,7,216
2298,Nagyvárad,1649,Ráday-család,Pécel,1730,KKK,7,164
2298,Nagyvárad,1649,Ráday-család,Pécel,1730,KKK,7,188
2304,Amszterdam,1650,Ráday-család,Pécel,1730,KKK,7,184
2309,Bártfa,1650,Ráday-család,Pécel,1730,KKK,7,176
2310,Bártfa,1650,Ráday-család,Pécel,1730,KKK,7,176
2402,Nagyvárad,1651,Ráday-család,Pécel,1730,KKK,7,163
2405,Nagyvárad,1651,Ráday-család,Pécel,1730,KKK,7,180
2453,Nagyvárad,1652,Ráday-család,Pécel,1730,KKK,7,182
2604,Sárospatak,1655,Ráday-család,Pécel,1730,KKK,7,174
2617,Utrecht,1653,Ráday-család,Pécel,1730,KKK,7,187
2710,Gyulafehérvár,1657,Ráday-család,Pécel,1730,KKK,7,186
2746,Nagyvárad,1657,Ráday-család,Pécel,1730,KKK,7,179
2829,Kassa,1659,Ráday-család,Pécel,1730,KKK,7,161
2831,Kassa,1659,Ráday-család,Pécel,1730,KKK,7,167
2831,Kassa,1659,Ráday-család,Pécel,1730,KKK,7,188
2831,Kassa,1659,Ráday-család,Pécel,1730,KKK,7,200
2868,Debrecen,1677,Ráday-család,Pécel,1730,KKK,7,168
3080,Kassa,1663,Ráday-család,Pécel,1730,KKK,7,194
3245,Nagyszeben,1665,Ráday-család,Pécel,1730,KKK,7,184
3254,Nagyszeben,1665,Ráday-család,Pécel,1730,KKK,7,179
3254,Nagyszeben,1665,Ráday-család,Pécel,1730,KKK,7,189
3324,Nagyszeben,1666,Ráday-család,Pécel,1730,KKK,7,181
3478,Sárospatak,1668,Ráday-család,Pécel,1730,KKK,7,196
3481,Sárospatak,1668,Ráday-család,Pécel,1730,KKK,7,162
3591,Sárospatak,1669,Ráday-család,Pécel,1730,KKK,7,216
3725,Kolozsvár,1671,Ráday-család,Pécel,1730,KKK,7,166
3806,Kolozsvár,1672,Ráday-család,Pécel,1730,KKK,7,173
3958,Kolozsvár,1674,Ráday-család,Pécel,1730,KKK,7,238
4016,Kolozsvár,1675,Ráday-család,Pécel,1730,KKK,7,174
4017,Kolozsvár,1675,Ráday-család,Pécel,1730,KKK,7,190
4077,Kolozsvár,1676,Ráday-család,Pécel,1730,KKK,7,173
4078,Kolozsvár,1676,Ráday-család,Pécel,1730,KKK,7,220
4127,Debrecen,1677,Ráday-család,Pécel,1730,KKK,7,169
4135,Kolozsvár,1677,Ráday-család,Pécel,1730,KKK,7,219
4252,Kolozsvár,1679,Ráday-család,Pécel,1730,KKK,7,175
4254,Kolozsvár,1679,Ráday-család,Pécel,1730,KKK,7,161
4254,Kolozsvár,1679,Ráday-család,Pécel,1730,KKK,7,170
4261,Lőcse,1679,Ráday-család,Pécel,1730,KKK,7,229
4262,Lőcse,1679,Ráday-család,Pécel,1730,KKK,7,229
4295,Debrecen,1680,Ráday-család,Pécel,1730,KKK,7,172
4295,Debrecen,1680,Ráday-család,Pécel,1730,KKK,7,195
4305,Kolozsvár,1680,Ráday-család,Pécel,1730,KKK,7,177
4343,Debrecen,1681,Ráday-család,Pécel,1730,KKK,7,172
4357,Kolozsvár,1681,Ráday-család,Pécel,1730,KKK,7,163
4357,Kolozsvár,1681,Ráday-család,Pécel,1730,KKK,7,190
4357,Kolozsvár,1681,Ráday-család,Pécel,1730,KKK,7,215
4397,Csíksomlyó,1682,Ráday-család,Pécel,1730,KKK,7,200
4399,Debrecen,1682,Ráday-család,Pécel,1730,KKK,7,171
4399,Kassa,1682,Ráday-család,Pécel,1730,KKK,7,194
4417,Kolozsvár,1682,Ráday-család,Pécel,1730,KKK,7,182
4436,Kolozsvár,1672,Ráday-család,Pécel,1730,KKK,7,164
4462,Debrecen,1683,Ráday-család,Pécel,1730,KKK,7,174
4528,Keresd,1684,Ráday-család,Pécel,1730,KKK,7,182
4582,Debrecen,1685,Ráday-család,Pécel,1730,KKK,7,91
4583,Debrecen,1685,Ráday-család,Pécel,1730,KKK,7,179
13,Kraków,1533,Nádasdy Ferenc,Pottendorf,1669,KKK,8,555
905,Nagyszombat,1603,Nádasdy Ferenc,Pottendorf,1669,KKK,8,556
945,Graz,1642,Nádasdy Ferenc,Pottendorf,1669,KKK,8,344
1002,Pozsony,1610,Nádasdy Ferenc,Pottendorf,1669,KKK,8,561
1093,Praha,1615,Nádasdy Ferenc,Pottendorf,1669,KKK,8,556
1184,Keresztúr,1619,Nádasdy Ferenc,Pottendorf,1669,KKK,8,556
1509,Pozsony,1631,Nádasdy Ferenc,Pottendorf,1669,KKK,8,375
1659,Pozsony,1636,Nádasdy Ferenc,Pottendorf,1669,KKK,8,375
1741,Pozsony,1637,Nádasdy Ferenc,Pottendorf,1669,KKK,8,557
1952,Pozsony,1642,Nádasdy Ferenc,Pottendorf,1669,KKK,8,344
2016,Pozsony,1643,Nádasdy Ferenc,Pottendorf,1669,KKK,8,343
2018,Pozsony,1643,Nádasdy Ferenc,Pottendorf,1669,KKK,8,527
2023,Pozsony,1643,Nádasdy Ferenc,Pottendorf,1669,KKK,8,343
2075,Pozsony,1644,Nádasdy Ferenc,Pottendorf,1669,KKK,8,467
2096,Wien,1645,Nádasdy Ferenc,Pottendorf,1669,KKK,8,467
2099,Frankfurt am Main,1645,Nádasdy Ferenc,Pottendorf,1669,KKK,8,457
2309,Bártfa,1650,Nádasdy Ferenc,Pottendorf,1669,KKK,8,557
2459,Wien,1653,Nádasdy Ferenc,Pottendorf,1669,KKK,8,563
2462,Wien,1653,Nádasdy Ferenc,Pottendorf,1669,KKK,8,557
2468,Kassa,1653,Nádasdy Ferenc,Pottendorf,1669,KKK,8,558
2511,Wien,1654,Nádasdy Ferenc,Pottendorf,1669,KKK,8,672
2512,Wien,1654,Nádasdy Ferenc,Pottendorf,1669,KKK,8,672
2513,Wien,1654,Nádasdy Ferenc,Pottendorf,1669,KKK,8,672
2524,Kassa,1654,Nádasdy Ferenc,Pottendorf,1669,KKK,8,558
2558,Utrecht,1654,Nádasdy Ferenc,Pottendorf,1669,KKK,8,559
2729,Sárospatak,1657,Nádasdy Ferenc,Pottendorf,1669,KKK,8,559
2730,Sárospatak,1657,Nádasdy Ferenc,Pottendorf,1669,KKK,8,560
2731,Sárospatak,1657,Nádasdy Ferenc,Pottendorf,1669,KKK,8,560
2793,Sárospatak,1658,Nádasdy Ferenc,Pottendorf,1669,KKK,8,560
2794,Sárospatak,1657,Nádasdy Ferenc,Pottendorf,1669,KKK,8,560
2795,Sárospatak,1658,Nádasdy Ferenc,Pottendorf,1669,KKK,8,559
2796,Sárospatak,1658,Nádasdy Ferenc,Pottendorf,1669,KKK,8,559
2869,Sárospatak,1659,Nádasdy Ferenc,Pottendorf,1669,KKK,8,560
2892,Wien,1660,Nádasdy Ferenc,Pottendorf,1669,KKK,8,343
2962,Wien,1661,Nádasdy Ferenc,Pottendorf,1669,KKK,8,408
3283,Kassa,1666,Nádasdy Ferenc,Pottendorf,1669,KKK,8,561
3302,Lőcse,1666,Nádasdy Ferenc,Pottendorf,1669,KKK,8,673
3347,Kassa,1667,Nádasdy Ferenc,Pottendorf,1669,KKK,8,561
3485,Pottendorf,1668,Nádasdy Ferenc,Pottendorf,1669,KKK,8,346
2565A,Wien,1657,Nádasdy Ferenc,Pottendorf,1669,KKK,8,592
518,Németújvár,1582,Beythe-család,Güssing,1612,KKK,9,257
528,Nagyszombat,1583,Ceglédi Szabó Pál,Pápa,1649,KKK,9,416
533,Németújvár,1583,Beythe-család,Güssing,1612,KKK,9,210
534,Németújvár,1583,Beythe-család,Güssing,1612,KKK,9,256
536,Németújvár,1583,Beythe-család,Güssing,1612,KKK,9,319
657,Debrecen,1591,Ceglédi Szabó Pál,Pápa,1649,KKK,9,416
1023,Pozsony,1611,Ceglédi Szabó Pál,Pápa,1649,KKK,9,416
1059,Pozsony,1613,Ceglédi Szabó Pál,Pápa,1649,KKK,9,405
1324,Csepreg,1625,Ceglédi Szabó Pál,Pápa,1649,KKK,9,417
1326,Csepreg,1625,Ceglédi Szabó Pál,Pápa,1649,KKK,9,417
1343,Pápa,1625,Ceglédi Szabó Pál,Pápa,1649,KKK,9,415
1354,Csepreg,1626,Ceglédi Szabó Pál,Pápa,1649,KKK,9,416
13,Kraków,1533,Bethlen-kollégium,Nagyenyed,1762,KKK,10,230
16,Wien,1536,Bethlen-kollégium,Nagyenyed,1762,KKK,10,271
25,Kraków,1538,Bethlen-kollégium,Nagyenyed,1762,KKK,10,318
58,Kraków,1544,Bethlen-kollégium,Nagyenyed,1762,KKK,10,241
74,Krakkó,1548,Bethlen-kollégium,Nagyenyed,1762,KKK,10,242
90,Kolozsvár,1551,Bethlen-kollégium,Nagyenyed,1762,KKK,10,101
102,Kolozsvár,1553,Bethlen-kollégium,Nagyenyed,1762,KKK,10,260
154,Kolozsvár,1559,Bethlen-kollégium,Nagyenyed,1762,KKK,10,95
156,Kraków,1559,Bethlen-kollégium,Nagyenyed,1762,KKK,10,44
162,Kolozsvár,1560,Bethlen-kollégium,Nagyenyed,1762,KKK,10,204
172,Kolozsvár,1561,Bethlen-kollégium,Nagyenyed,1762,KKK,10,92
196,Debrecen,1563,Bethlen-kollégium,Nagyenyed,1762,KKK,10,99
196,Debrecen,1563,Bethlen-kollégium,Nagyenyed,1762,KKK,10,152
208,Kolozsvár,1565,Bethlen-kollégium,Nagyenyed,1762,KKK,10,102
243,Gyulafehérvár,1568,Bethlen-kollégium,Nagyenyed,1762,KKK,10,127
259,Nagyvárad,1568,Bethlen-kollégium,Nagyenyed,1762,KKK,10,37
266,Debrecen,1569,Bethlen-kollégium,Nagyenyed,1762,KKK,10,114
269,Gyulafehérvár,1569,Bethlen-kollégium,Nagyenyed,1762,KKK,10,16
286,Kolozsvár,1570,Bethlen-kollégium,Nagyenyed,1762,KKK,10,96
304,Kolozsvár,1571,Bethlen-kollégium,Nagyenyed,1762,KKK,10,126
360,Kolozsvár,1575,Bethlen-kollégium,Nagyenyed,1762,KKK,10,13
374,Wien,1577,Bethlen-kollégium,Nagyenyed,1762,KKK,10,66
413,Kolozsvár,1578,Bethlen-kollégium,Nagyenyed,1762,KKK,10,18
426,Bártfa,1579,Bethlen-kollégium,Nagyenyed,1762,KKK,10,81
431,Detrekő,1579,Bethlen-kollégium,Nagyenyed,1762,KKK,10,156
432,Detrekő,1579,Bethlen-kollégium,Nagyenyed,1762,KKK,10,76
432,Detrekő,1579,Bethlen-kollégium,Nagyenyed,1762,KKK,10,157
525,Debrecen,1583,Bethlen-kollégium,Nagyenyed,1762,KKK,10,147
541,Detrekő,1584,Bethlen-kollégium,Nagyenyed,1762,KKK,10,9
584,Debrecen,1586,Bethlen-kollégium,Nagyenyed,1762,KKK,10,62
595,Debrecen,1587,Bethlen-kollégium,Nagyenyed,1762,KKK,10,69
632,Nagyszombat,1589,Bethlen-kollégium,Nagyenyed,1762,KKK,10,100
652,Vizsoly,1590,Bethlen-kollégium,Nagyenyed,1762,KKK,10,10
801,Debrecen,1597,Bethlen-kollégium,Nagyenyed,1762,KKK,10,352
813,Nagyszeben,1597,Bethlen-kollégium,Nagyenyed,1762,KKK,10,382
830,Debrecen,1598,Bethlen-kollégium,Nagyenyed,1762,KKK,10,70
865,Debrecen,1600,Bethlen-kollégium,Nagyenyed,1762,KKK,10,212
873,Bártfa,1601,Bethlen-kollégium,Nagyenyed,1762,KKK,10,85
894,Bártfa,1603,Bethlen-kollégium,Nagyenyed,1762,KKK,10,294
895,Debrecen,1603,Bethlen-kollégium,Nagyenyed,1762,KKK,10,63
961,Graz,1607,Bethlen-kollégium,Nagyenyed,1762,KKK,10,138
971,Hanau,1608,Bethlen-kollégium,Nagyenyed,1762,KKK,10,17
977,Debrecen,1609,Bethlen-kollégium,Nagyenyed,1762,KKK,10,319
993,Debrecen,1610,Bethlen-kollégium,Nagyenyed,1762,KKK,10,306
1030,Bártfa,1612,Bethlen-kollégium,Nagyenyed,1762,KKK,10,227
1037,Oppenheim,1612,Bethlen-kollégium,Nagyenyed,1762,KKK,10,239
1038,Oppenheim,1612,Bethlen-kollégium,Nagyenyed,1762,KKK,10,403
1042,Pozsony,1612,Bethlen-kollégium,Nagyenyed,1762,KKK,10,205
1080,Bécs,1615,Bethlen-kollégium,Nagyenyed,1762,KKK,10,370
1081,Debrecen,1615,Bethlen-kollégium,Nagyenyed,1762,KKK,10,177
1100,Bártfa,1616,Bethlen-kollégium,Nagyenyed,1762,KKK,10,236
1108,Debrecen,1616,Bethlen-kollégium,Nagyenyed,1762,KKK,10,216
1116,Pozsony,1616,Bethlen-kollégium,Nagyenyed,1762,KKK,10,125
1131,Debrecen,1617,Bethlen-kollégium,Nagyenyed,1762,KKK,10,228
1132,Debrecen,1617,Bethlen-kollégium,Nagyenyed,1762,KKK,10,120
1144,Oppenheim,1617,Bethlen-kollégium,Nagyenyed,1762,KKK,10,25
1146,Praha,1617,Bethlen-kollégium,Nagyenyed,1762,KKK,10,104
1166,Oppenheim,1618,Bethlen-kollégium,Nagyenyed,1762,KKK,10,38
1174,Debrecen,1619,Bethlen-kollégium,Nagyenyed,1762,KKK,10,203
1187,Kolozsvár,1619,Bethlen-kollégium,Nagyenyed,1762,KKK,10,148
1219,Kassa,1620,Bethlen-kollégium,Nagyenyed,1762,KKK,10,397
1236,Debrecen,1621,Bethlen-kollégium,Nagyenyed,1762,KKK,10,93
1237,Debrecen,1621,Bethlen-kollégium,Nagyenyed,1762,KKK,10,222
1237,Debrecen,1621,Bethlen-kollégium,Nagyenyed,1762,KKK,10,251
1238,Heidelberg,1621,Bethlen-kollégium,Nagyenyed,1762,KKK,10,178
1262,Debrecen,1622,Bethlen-kollégium,Nagyenyed,1762,KKK,10,90
1283,Bártfa,1623,Bethlen-kollégium,Nagyenyed,1762,KKK,10,391
1306,Gyulafehérvár,1624,Bethlen-kollégium,Nagyenyed,1762,KKK,10,87
1308,Frankfurt am Main,1624,Bethlen-kollégium,Nagyenyed,1762,KKK,10,91
1345,Pozsony,1625,Bethlen-kollégium,Nagyenyed,1762,KKK,10,427
1347,Bártfa,1626,Bethlen-kollégium,Nagyenyed,1762,KKK,10,275
1360,Kassa,1626,Bethlen-kollégium,Nagyenyed,1762,KKK,10,115
1393,Lyon,1627,Bethlen-kollégium,Nagyenyed,1762,KKK,10,388
1400,Bártfa,1628,Bethlen-kollégium,Nagyenyed,1762,KKK,10,7
1419,Pápa,1628,Bethlen-kollégium,Nagyenyed,1762,KKK,10,123
1427,Debrecen,1629,Bethlen-kollégium,Nagyenyed,1762,KKK,10,45
1439,Lőcse,1629,Bethlen-kollégium,Nagyenyed,1762,KKK,10,296
1467,Gyulafehérvár,1630,Bethlen-kollégium,Nagyenyed,1762,KKK,10,235
1485,Pozsony,1630,Bethlen-kollégium,Nagyenyed,1762,KKK,10,128
1511,Pozsony,1631,Bethlen-kollégium,Nagyenyed,1762,KKK,10,398
1524,Debrecen,1632,Bethlen-kollégium,Nagyenyed,1762,KKK,10,223
1534,Gyulafehérvár,1632,Bethlen-kollégium,Nagyenyed,1762,KKK,10,54
1535,Kassa,1632,Bethlen-kollégium,Nagyenyed,1762,KKK,10,52
1566,Kassa,1633,Bethlen-kollégium,Nagyenyed,1762,KKK,10,145
1574,Csepreg,1634,Bethlen-kollégium,Nagyenyed,1762,KKK,10,258
1576,Debrecen,1634,Bethlen-kollégium,Nagyenyed,1762,KKK,10,196
1583,Kassa,1634,Bethlen-kollégium,Nagyenyed,1762,KKK,10,146
1586,Kolozsvár,1634,Bethlen-kollégium,Nagyenyed,1762,KKK,10,321
1602,Csepreg,1635,Bethlen-kollégium,Nagyenyed,1762,KKK,10,136
1643,Gyulafehérvár,1636,Bethlen-kollégium,Nagyenyed,1762,KKK,10,1
1654,Lőcse,1636,Bethlen-kollégium,Nagyenyed,1762,KKK,10,59
1659,Pozsony,1636,Bethlen-kollégium,Nagyenyed,1762,KKK,10,14
1670,Debrecen,1637,Bethlen-kollégium,Nagyenyed,1762,KKK,10,408
1671,Debrecen,1637,Bethlen-kollégium,Nagyenyed,1762,KKK,10,387
1697,Pozsony,1637,Bethlen-kollégium,Nagyenyed,1762,KKK,10,15
1721,Gyulafehérvár,1638,Bethlen-kollégium,Nagyenyed,1762,KKK,10,68
1723,Gyulafehérvár,1638,Bethlen-kollégium,Nagyenyed,1762,KKK,10,129
1755,Bártfa,1639,Bethlen-kollégium,Nagyenyed,1762,KKK,10,404
1826,Gyulafehérvár,1640,Bethlen-kollégium,Nagyenyed,1762,KKK,10,149
1863,Nagyvárad,1640,Bethlen-kollégium,Nagyenyed,1762,KKK,10,47
1867,Bártfa,1641,Bethlen-kollégium,Nagyenyed,1762,KKK,10,213
1884,Gyulafehérvár,1641,Bethlen-kollégium,Nagyenyed,1762,KKK,10,132
1893,Lőcse,1641,Bethlen-kollégium,Nagyenyed,1762,KKK,10,304
1914,Nagyvárad,1641,Bethlen-kollégium,Nagyenyed,1762,KKK,10,151
1915,Nagyvárad,1641,Bethlen-kollégium,Nagyenyed,1762,KKK,10,248
1995,Gyulafehérvár,1643,Bethlen-kollégium,Nagyenyed,1762,KKK,10,308
1995,Gyulafehérvár,1643,Bethlen-kollégium,Nagyenyed,1762,KKK,10,413
1998,Gyulafehérvár,1643,Bethlen-kollégium,Nagyenyed,1762,KKK,10,270
2089,Nagyvárad,1644,Bethlen-kollégium,Nagyenyed,1762,KKK,10,415
2103,Gyulafehérvár,1645,Bethlen-kollégium,Nagyenyed,1762,KKK,10,105
2124,Nagyvárad,1645,Bethlen-kollégium,Nagyenyed,1762,KKK,10,107
2127,Nagyvárad,1645,Bethlen-kollégium,Nagyenyed,1762,KKK,10,166
2130,Nagyvárad,1645,Bethlen-kollégium,Nagyenyed,1762,KKK,10,385
2160,Nagyvárad,1646,Bethlen-kollégium,Nagyenyed,1762,KKK,10,118
2171,Gyulafehérvár,1647,Bethlen-kollégium,Nagyenyed,1762,KKK,10,60
2197,Nagyvárad,1647,Bethlen-kollégium,Nagyenyed,1762,KKK,10,108
2201,Amszterdam,1648,Bethlen-kollégium,Nagyenyed,1762,KKK,10,307
2231,Lőcse,1648,Bethlen-kollégium,Nagyenyed,1762,KKK,10,383
2247,Utrecht,1648,Bethlen-kollégium,Nagyenyed,1762,KKK,10,364
2248,Utrecht,1648,Bethlen-kollégium,Nagyenyed,1762,KKK,10,364
2249,Utrecht,1648,Bethlen-kollégium,Nagyenyed,1762,KKK,10,303
2249,Utrecht,1648,Bethlen-kollégium,Nagyenyed,1762,KKK,10,364
2250,Utrecht,1648,Bethlen-kollégium,Nagyenyed,1762,KKK,10,364
2298,Nagyvárad,1649,Bethlen-kollégium,Nagyenyed,1762,KKK,10,109
2304,Amszterdam,1650,Bethlen-kollégium,Nagyenyed,1762,KKK,10,410
2309,Bártfa,1650,Bethlen-kollégium,Nagyenyed,1762,KKK,10,36
2310,Bártfa,1650,Bethlen-kollégium,Nagyenyed,1762,KKK,10,134
2353,Nagyvárad,1650,Bethlen-kollégium,Nagyenyed,1762,KKK,10,418
2362,Debrecen,1651,Bethlen-kollégium,Nagyenyed,1762,KKK,10,371
2404,Nagyvárad,1651,Bethlen-kollégium,Nagyenyed,1762,KKK,10,246
2405,Nagyvárad,1651,Bethlen-kollégium,Nagyenyed,1762,KKK,10,330
2450,Utrecht,1652,Bethlen-kollégium,Nagyenyed,1762,KKK,10,361
2453,Nagyvárad,1652,Bethlen-kollégium,Nagyenyed,1762,KKK,10,209
2461,Wien,1653,Bethlen-kollégium,Nagyenyed,1762,KKK,10,12
2486,Sárospatak,1653,Bethlen-kollégium,Nagyenyed,1762,KKK,10,133
2498,Utrecht,1653,Bethlen-kollégium,Nagyenyed,1762,KKK,10,309
2502,Nagyvárad,1653,Bethlen-kollégium,Nagyenyed,1762,KKK,10,155
2516,Gyulafehérvár,1654,Bethlen-kollégium,Nagyenyed,1762,KKK,10,206
2519,Gyulafehérvár,1654,Bethlen-kollégium,Nagyenyed,1762,KKK,10,315
2524,Kassa,1654,Bethlen-kollégium,Nagyenyed,1762,KKK,10,233
2550,Sárospatak,1654,Bethlen-kollégium,Nagyenyed,1762,KKK,10,326
2558,Utrecht,1654,Bethlen-kollégium,Nagyenyed,1762,KKK,10,302
2617,Utrecht,1655,Bethlen-kollégium,Nagyenyed,1762,KKK,10,286
2622,Nagyvárad,1655,Bethlen-kollégium,Nagyenyed,1762,KKK,10,323
2744,Utrecht,1657,Bethlen-kollégium,Nagyenyed,1762,KKK,10,249
2746,Nagyvárad,1657,Bethlen-kollégium,Nagyenyed,1762,KKK,10,376
2749,Nagyvárad,1657,Bethlen-kollégium,Nagyenyed,1762,KKK,10,191
2764,Gyulafehérvár,1658,Bethlen-kollégium,Nagyenyed,1762,KKK,10,277
2795,Sárospatak,1658,Bethlen-kollégium,Nagyenyed,1762,KKK,10,325
2800,Sárospatak,1658,Bethlen-kollégium,Nagyenyed,1762,KKK,10,207
2809,Utrecht,1658,Bethlen-kollégium,Nagyenyed,1762,KKK,10,290
2829,Kassa,1659,Bethlen-kollégium,Nagyenyed,1762,KKK,10,268
2830,Kassa,1659,Bethlen-kollégium,Nagyenyed,1762,KKK,10,229
2831,Kassa,1659,Bethlen-kollégium,Nagyenyed,1762,KKK,10,194
2868,Sárospatak,1659,Bethlen-kollégium,Nagyenyed,1762,KKK,10,240
2869,Sárospatak,1659,Bethlen-kollégium,Nagyenyed,1762,KKK,10,153
2959,Sine loco,1660,Bethlen-kollégium,Nagyenyed,1762,KKK,10,350
2982,Kolozsvár,1661,Bethlen-kollégium,Nagyenyed,1762,KKK,10,5
2983,Kolozsvár,1661,Bethlen-kollégium,Nagyenyed,1762,KKK,10,295
3080,Kassa,1663,Bethlen-kollégium,Nagyenyed,1762,KKK,10,250
3141,Debrecen,1663,Bethlen-kollégium,Nagyenyed,1762,KKK,10,199
3245,Nagyszombat,1665,Bethlen-kollégium,Nagyenyed,1762,KKK,10,407
3272,Debrecen,1666,Bethlen-kollégium,Nagyenyed,1762,KKK,10,244
3276,Debrecen,1666,Bethlen-kollégium,Nagyenyed,1762,KKK,10,200
3279,Kassa,1666,Bethlen-kollégium,Nagyenyed,1762,KKK,10,195
3287,Kassa,1666,Bethlen-kollégium,Nagyenyed,1762,KKK,10,414
3288,Kassa,1666,Bethlen-kollégium,Nagyenyed,1762,KKK,10,281
3309,Sárospatak,1666,Bethlen-kollégium,Nagyenyed,1762,KKK,10,234
3316,Nagyszeben,1666,Bethlen-kollégium,Nagyenyed,1762,KKK,10,201
3322,Nagyszeben,1666,Bethlen-kollégium,Nagyenyed,1762,KKK,10,67
3323,Nagyszeben,1666,Bethlen-kollégium,Nagyenyed,1762,KKK,10,186
3339,Kassa,1667,Bethlen-kollégium,Nagyenyed,1762,KKK,10,255
3347,Kassa,1667,Bethlen-kollégium,Nagyenyed,1762,KKK,10,253
3419,Debrecen,1668,Bethlen-kollégium,Nagyenyed,1762,KKK,10,279
3422,Kassa,1668,Bethlen-kollégium,Nagyenyed,1762,KKK,10,198
3481,Sárospatak,1668,Bethlen-kollégium,Nagyenyed,1762,KKK,10,122
3495,Nagyszeben,1668,Bethlen-kollégium,Nagyenyed,1762,KKK,10,210
3542,Nagyszeben,1669,Bethlen-kollégium,Nagyenyed,1762,KKK,10,121
3588,Sárospatak,1669,Bethlen-kollégium,Nagyenyed,1762,KKK,10,131
3591,Sárospatak,1669,Bethlen-kollégium,Nagyenyed,1762,KKK,10,113
3645,Kolozsvár,1670,Bethlen-kollégium,Nagyenyed,1762,KKK,10,124
3647,Kolozsvár,1670,Bethlen-kollégium,Nagyenyed,1762,KKK,10,103
3725,Kolozsvár,1671,Bethlen-kollégium,Nagyenyed,1762,KKK,10,220
3730,Kolozsvár,1671,Bethlen-kollégium,Nagyenyed,1762,KKK,10,425
3756,Nagyszombat,1671,Bethlen-kollégium,Nagyenyed,1762,KKK,10,78
3806,Kolozsvár,1672,Bethlen-kollégium,Nagyenyed,1762,KKK,10,218
3877,Debrecen,1673,Bethlen-kollégium,Nagyenyed,1762,KKK,10,262
3895,Kolozsvár,1673,Bethlen-kollégium,Nagyenyed,1762,KKK,10,390
3898,Kolozsvár,1673,Bethlen-kollégium,Nagyenyed,1762,KKK,10,402
3958,Kolozsvár,1674,Bethlen-kollégium,Nagyenyed,1762,KKK,10,150
3966,Lőcse,1674,Bethlen-kollégium,Nagyenyed,1762,KKK,10,394
4012,Kolozsvár,1675,Bethlen-kollégium,Nagyenyed,1762,KKK,10,56
4017,Kolozsvár,1675,Bethlen-kollégium,Nagyenyed,1762,KKK,10,112
4020,Kolozsvár,1675,Bethlen-kollégium,Nagyenyed,1762,KKK,10,322
4074,Kolozsvár,1676,Bethlen-kollégium,Nagyenyed,1762,KKK,10,412
4078,Kolozsvár,1676,Bethlen-kollégium,Nagyenyed,1762,KKK,10,393
4127,Debrecen,1677,Bethlen-kollégium,Nagyenyed,1762,KKK,10,247
4137,Kolozsvár,1677,Bethlen-kollégium,Nagyenyed,1762,KKK,10,399
4138,Kolozsvár,1677,Bethlen-kollégium,Nagyenyed,1762,KKK,10,278
4189,Kolozsvár,1678,Bethlen-kollégium,Nagyenyed,1762,KKK,10,378
4243,Debrecen,1679,Bethlen-kollégium,Nagyenyed,1762,KKK,10,356
4251,Kolozsvár,1679,Bethlen-kollégium,Nagyenyed,1762,KKK,10,292
4253,Kolozsvár,1679,Bethlen-kollégium,Nagyenyed,1762,KKK,10,374
4254,Kolozsvár,1679,Bethlen-kollégium,Nagyenyed,1762,KKK,10,197
4295,Debrecen,1680,Bethlen-kollégium,Nagyenyed,1762,KKK,10,367
4305,Kolozsvár,1680,Bethlen-kollégium,Nagyenyed,1762,KKK,10,267
4343,Debrecen,1681,Bethlen-kollégium,Nagyenyed,1762,KKK,10,305
4356,Kolozsvár,1681,Bethlen-kollégium,Nagyenyed,1762,KKK,10,55
4357,Kolozsvár,1681,Bethlen-kollégium,Nagyenyed,1762,KKK,10,57
4397,Csíksomlyó,1682,Bethlen-kollégium,Nagyenyed,1762,KKK,10,29
4417,Kolozsvár,1682,Bethlen-kollégium,Nagyenyed,1762,KKK,10,389
4436,Nagyszombat,1682,Bethlen-kollégium,Nagyenyed,1762,KKK,10,58
4472,Kolozsvár,1683,Bethlen-kollégium,Nagyenyed,1762,KKK,10,219
4473,Kolozsvár,1683,Bethlen-kollégium,Nagyenyed,1762,KKK,10,214
4474,Kolozsvár,1683,Bethlen-kollégium,Nagyenyed,1762,KKK,10,65
4528,Keresd,1684,Bethlen-kollégium,Nagyenyed,1762,KKK,10,211
4562,Amszterdam,1685,Bethlen-kollégium,Nagyenyed,1762,KKK,10,237
4593,Keresd,1685,Bethlen-kollégium,Nagyenyed,1762,KKK,10,336
87,Kolozsvár,1550,Mossóczi Zakariás,Nyitra,1587,Adattár,11,474
156,Kraków,1559,Barkóczy Ferenc,Eger,1765,KKK,11,183
173,Wien,1562,Mossóczi Zakariás,Nyitra,1587,Adattár,11,459
476,Nagyszombat,1580,Mossóczi Zakariás,Nyitra,1587,Adattár,11,457
541,Detrekő,1584,Mossóczi Zakariás,Nyitra,1587,Adattár,11,475
1659,Pozsony,1636,Jezsuita rendház,Turóc,1704,Adattár,11,549
2360,Wien,1651,Barkóczy Ferenc,Eger,1765,KKK,11,185
2381,Nagyszombat,1651,Jezsuita rendház,Turóc,1704,Adattár,11,551
3115,Nagyszombat,1663,Jezsuita rendház,Turóc,1704,Adattár,11,548
3378,Nagyszombat,1667,Jezsuita rendház,Turóc,1704,Adattár,11,547
3653,Lőcse,1670,Jezsuita rendház,Turóc,1704,Adattár,11,551
3714,Kassa,1671,Jezsuita rendház,Turóc,1704,Adattár,11,552
3980,Nagyszombat,1674,Jezsuita rendház,Turóc,1704,Adattár,11,552
4043,Nagyszombat,1675,Jezsuita rendház,Turóc,1704,Adattár,11,552
4049,Nagyszombat,1675,Jezsuita rendház,Turóc,1704,Adattár,11,548
4200,Nagyszombat,1678,Jezsuita rendház,Turóc,1704,Adattár,11,548
4201,Nagyszombat,1678,Jezsuita rendház,Turóc,1704,Adattár,11,548
204,Debrecen,1565,Batthyány Lajos,Wien,1743,KKK,12,861
1781,Nagyszombat,1694,Batthyány Lajos,Wien,1743,KKK,12,851
2928,Lőcse,1660,Batthyány Lajos,Bécs,1743,KKK,12,826
413,Kolozsvár,1578,Apáti Madár Miklós,Debrecen,1680,Adattár,14,323
1400,Bártfa,1628,Apáti Madár Miklós,Debrecen,1680,Adattár,14,323
90,Kolozsvár,1551,Aranyasi János,Kassa,1651,Adattár,15,40
90,Kolozsvár,1551,Német Kristóf,Kassa,1606,Adattár,15,10
95,Kolozsvár,1552,Békéssy János,Kassa,1612,Adattár,15,11
102,Kolozsvár,1553,Várallyai István,Kassa,1646,Adattár,15,36
205,Debrecen,1565,Györkei Pál,Kassa,1658,Adattár,15,49
334,Alsólindva,1574,Gombkötő János,Kassa,1654,Adattár,15,43
334,Alsólindva,1574,Kis Király Pál,Kassa,1655,Adattár,15,47
334,Alsólindva,1574,Tarczy Pál,Kassa,1606,Adattár,15,10
360,Kolozsvár,1575,Aranyasi János,Kassa,1651,Adattár,15,40
360,Kolozsvár,1575,Békéssy János,Kassa,1612,Adattár,15,11
360,Kolozsvár,1575,Dévényi István,Kassa,1644,Adattár,15,30
360,Kolozsvár,1575,Kállay Erzsébet,Kassa,1625,Adattár,15,21
362,Sempte,1575,Várallyai István,Kassa,1646,Adattár,15,36
378,Debrecen,1577,Békéssy János,Kassa,1612,Adattár,15,11
474,Nagyszombat,1580,Gombkötő János,Kassa,1654,Adattár,15,43
584,Debrecen,1586,Békéssy János,Kassa,1612,Adattár,15,11
595,Debrecen,1587,Békéssy János,Kassa,1612,Adattár,15,11
652,Vizsoly,1590,Békéssy János,Kassa,1612,Adattár,15,11
652,Vizsoly,1590,Szegedi István,Kassa,1628,Adattár,15,22
652,Vizsoly,1590,Szegedi Mihály,Kassa,1632,Adattár,15,23
652,Vizsoly,1690,Várallyai István,Kassa,1646,Adattár,15,36
830,Debrecen,1598,Békéssy János,Kassa,1612,Adattár,15,11
865,Kolozsvár,1600,Békéssy János,Kassa,1612,Adattár,15,11
874,Debrecen,1601,Békéssy János,Kassa,1612,Adattár,15,11
890,Sárvár,1602,Szikszay Margit,Kassa,1673,Adattár,15,64
895,Debrecen,1603,Békéssy János,Kassa,1612,Adattár,15,11
895,Debrecen,1603,Szegedi Mihály,Kassa,1632,Adattár,15,23
971,Hanau,1608,Gombkötő János,Kassa,1654,Adattár,15,43
971,Hanau,1608,Kállay Erzsébet,Kassa,1625,Adattár,15,21
971,Hanau,1608,Kis Király Pál,Kassa,1655,Adattár,15,47
971,Hanau,1608,Szegedi István,Kassa,1628,Adattár,15,22
971,Hanau,1608,Szegedi Mihály,Kassa,1632,Adattár,15,23
971,Hanau,1608,Várallyai István,Kassa,1646,Adattár,15,36
1144,Oppenheim,1617,Szegedi István,Kassa,1628,Adattár,15,22
1174,Debrecen,1619,Aranyasi János,Kassa,1651,Adattár,15,40
1334,Kassa,1625,Alvinczi Péter,Kassa,1645,Adattár,15,32
1334,Kassa,1625,Szegedi György,Kassa,1646,Adattár,15,35
1348,Bártfa,1626,Kassai Szabó András,Kassa,1656,Adattár,15,48
1352,Wien,1626,Gombkötő János,Kassa,1654,Adattár,15,43
1376,Wien,1627,Gombkötő János,Kassa,1654,Adattár,15,43
1483,Lőcse,1630,Aranyasi János,Kassa,1651,Adattár,15,40
1536,Kassa,1628,Aranyasi János,Kassa,1651,Adattár,15,40
1553,Pápa,1632,Várallyai István,Kassa,1646,Adattár,15,36
1678,Leiden,1637,Gombkötő János,Kassa,1654,Adattár,15,43
2049,Bártfa,1644,Galambos István,Kassa,1664,Adattár,15,61
2231,Lőcse,1648,Gombkötő János,Kassa,1654,Adattár,15,43
16,Wien,1536,"Dernschwam, Johann",Wien,1575,Adattár,12/1,179
17,Wien,1536,"Dernschwam, Johann",Wien,1575,Adattár,12/1,179
21,Wien,1538,"Dernschwam, Johann",Wien,1575,Adattár,12/1,179
49,Sárvár,1541,"Dernschwam, Johann",Wien,1575,Adattár,12/1,161
50,Brassó,1542,"Dernschwam, Johann",Wien,1575,Adattár,12/1,177
90,Kolozsvár,1551,Zsámboky János,Wien,1587,Adattár,12/2,274
95,Kolozsvár,1552,Zsámboky János,Wien,1587,Adattár,12/2,275
109,Kolozsvár,1554,Zsámboky János,Wien,1587,Adattár,12/2,296
171,Debrecen,1561,Zsámboky János,Wien,1587,Adattár,12/2,176
186,Kolozsvár,1562,Zsámboky János,Wien,1587,Adattár,12/2,274
256,Kolozsvár,1568,Zsámboky János,Wien,1587,Adattár,12/2,274
263,Debrecen,1569,Zsámboky János,Wien,1587,Adattár,12/2,285
307,Kolozsvár,1571,Zsámboky János,Wien,1587,Adattár,12/2,359
317,Kolozsvár,1572,Dudith András,Wrocław,1589,Adattár,12/2,150
321,Alsólendva,1573,Zsámboky János,Wien,1587,Adattár,12/2,343
547,Kolozsvár,1584,Dudith András,Wrocław,1589,Adattár,12/2,149
549,Nagyszombat,1584,Dudith András,Wrocław,1589,Adattár,12/2,150
552,Németújvár,1584,Dudith András,Wrocław,1589,Adattár,12/2,149
1346,Pozsony,1625,"Busso, Johann",Mikulov,1645,Adattár,12/2,149
197,Kolozsvár,1563,Dudith András,Wrocław,1589,Adattár,12/3,151
226,Debrecen,1567,Dudith András,Wrocław,1589,Adattár,12/3,151
231,Gyulafehérvár,1567,Dudith András,Wrocław,1589,Adattár,12/3,151
232,Gyulafehérvár,1567,Dudith András,Wrocław,1589,Adattár,12/3,75
233,Gyulafehérvár,1567,Dudith András,Wrocław,1589,Adattár,12/3,151
247,Gyulafehérvár,1568,Dudith András,Wrocław,1589,Adattár,12/3,151
254,Gyulafehérvár,1568,Dudith András,Wrocław,1589,Adattár,12/3,151
256,Kolozsvár,1568,Dudith András,Wrocław,1589,Adattár,12/3,151
269,Gyulafehérvár,1569,Dudith András,Wrocław,1589,Adattár,12/3,150
270,Gyulafehérvár,1569,Dudith András,Wrocław,1589,Adattár,12/3,151
277,Debrecen,1570,Dudith András,Wrocław,1589,Adattár,12/3,151
279,Debrecen,1570,Dudith András,Wrocław,1589,Adattár,12/3,74
279,Debrecen,1570,Dudith András,Wrocław,1589,Adattár,12/3,151
304,Kolozsvár,1571,Dudith András,Wrocław,1589,Adattár,12/3,43
304,Kolozsvár,1571,Dudith András,Wrocław,1589,Adattár,12/3,151
444,Nagyszombat,1579,Dudith András,Wrocław,1589,Adattár,12/3,150
576,Bártfa,1586,Dudith András,Wrocław,1589,Adattár,12/3,151
1352,Wien,1626,"Busso, Johann",Mikulov,1645,Adattár,12/3,151
635,Vizsoly,1590,Szirmay András,Zemplén vármegye,1707,Adattár,13/1,168
894,Bártfa,1603,Miskolci Csulyak István,Olaszliszka,1646,Adattár,13/1,76
1166,Oppenheim,1618,Miskolci Csulyak István,Olaszliszka,1646,Adattár,13/1,65
1525,Debrecen,1632,Miskolci Csulyak István,Olaszliszka,1646,Adattár,13/1,76
1553,Pápa,1632,Tatai János,Komárom vármegye,1704,Adattár,13/1,164
2130,Nagyvárad,1645,Váradi György,Losonc,1682,Adattár,13/2,114
2746,Nagyvárad,1657,Váradi György,Losonc,1682,Adattár,13/2,114
2749,Nagyvárad,1657,Váradi György,Losonc,1682,Adattár,13/2,114
2867,Sárospatak,1659,Váradi György,Losonc,1682,Adattár,13/2,114
2868,Sárospatak,1659,Váradi György,Losonc,1682,Adattár,13/2,114
2983,Lőcse,1661,Váradi György,Losonc,1682,Adattár,13/2,114
3236,Sárospatak,1665,Váradi György,Losonc,1682,Adattár,13/2,114
3245,Nagyszeben,1665,Váradi György,Losonc,1682,Adattár,13/2,115
3339,Kassa,1667,Váradi György,Losonc,1682,Adattár,13/2,114
3478,Sárospatak,1668,Váradi György,Losonc,1682,Adattár,13/2,114
3495,Nagyszeben,1668,Váradi György,Losonc,1682,Adattár,13/2,114
3513,Kassa,1669,Váradi György,Losonc,1682,Adattár,13/2,114
4399,Debrecen,1682,Váradi György,Losonc,1682,Adattár,13/2,115
549,Nagyszombat,1584,Ráday-család,Pécel,1725,Adattár,13/4,303
2498,Utrecht,1653,Komáromi Csipkés György,Debrecen,1677,Adattár,13/4,133
2503,Nagyvárad,1653,Komáromi Csipkés György,Debrecen,1677,Adattár,13/4,132
2562,Nagyvárad,1654,Komáromi Csipkés György,Debrecen,1677,Adattár,13/4,132
2618,Utrecht,1655,Komáromi Csipkés György,Debrecen,1677,Adattár,13/4,132
2677,Nagyvárad,1656,Komáromi Csipkés György,Debrecen,1677,Adattár,13/4,132
2678,Nagyvárad,1656,Komáromi Csipkés György,Debrecen,1677,Adattár,13/4,132
2679,Nagyvárad,1656,Komáromi Csipkés György,Debrecen,1677,Adattár,13/4,132
2680,Nagyvárad,1656,Komáromi Csipkés György,Debrecen,1677,Adattár,13/4,132
2681,Nagyvárad,1656,Komáromi Csipkés György,Debrecen,1677,Adattár,13/4,132
2707,Debrecen,1657,Komáromi Csipkés György,Debrecen,1677,Adattár,13/4,132
2888,Nagyvárad,1659,Komáromi Csipkés György,Debrecen,1677,Adattár,13/4,133
3002,Sárospatak,1661,Komáromi Csipkés György,Debrecen,1677,Adattár,13/4,133
3025,Debrecen,1662,Komáromi Csipkés György,Debrecen,1677,Adattár,13/4,133
3026,Debrecen,1662,Komáromi Csipkés György,Debrecen,1677,Adattár,13/4,133
3143,Debrecen,1664,Komáromi Csipkés György,Debrecen,1677,Adattár,13/4,132
3144,Debrecen,1664,Komáromi Csipkés György,Debrecen,1677,Adattár,13/4,133
3194,Debrecen,1665,Komáromi Csipkés György,Debrecen,1677,Adattár,13/4,133
3195,Debrecen,1665,Komáromi Csipkés György,Debrecen,1677,Adattár,13/4,133
3252,Nagyszeben,1665,Komáromi Csipkés György,Debrecen,1677,Adattár,13/4,133
3307,Sárospatak,1666,Komáromi Csipkés György,Debrecen,1677,Adattár,13/4,133
3308,Sárospatak,1666,Komáromi Csipkés György,Debrecen,1677,Adattár,13/4,133
3322,Nagyszeben,1666,Komáromi Csipkés György,Debrecen,1677,Adattár,13/4,133
3385,Sárospatak,1667,Komáromi Csipkés György,Debrecen,1677,Adattár,13/4,133
3418,Debrecen,1668,Komáromi Csipkés György,Debrecen,1677,Adattár,13/4,133
3480,Sárospatak,1668,Komáromi Csipkés György,Debrecen,1677,Adattár,13/4,133
3510,Debrecen,1669,Komáromi Csipkés György,Debrecen,1677,Adattár,13/4,133
3709,Kassa,1671,Komáromi Csipkés György,Debrecen,1677,Adattár,13/4,134
3725,Kolozsvár,1671,Komáromi Csipkés György,Debrecen,1677,Adattár,13/4,133
3792,Kolozsvár,1672,Komáromi Csipkés György,Debrecen,1677,Adattár,13/4,133
3793,Kolozsvár,1672,Komáromi Csipkés György,Debrecen,1677,Adattár,13/4,133
3891,Kolozsvár,1673,Komáromi Csipkés György,Debrecen,1677,Adattár,13/4,133
3961,Kolozsvár,1674,Komáromi Csipkés György,Debrecen,1677,Adattár,13/4,133
4125,Debrecen,1677,Komáromi Csipkés György,Debrecen,1677,Adattár,13/4,134
4126,Debrecen,1677,Komáromi Csipkés György,Debrecen,1677,Adattár,13/4,134
4136,Kolozsvár,1677,Komáromi Csipkés György,Debrecen,1677,Adattár,13/4,134
4136,Kolozsvár,1677,Komáromi Csipkés György,Debrecen,1677,Adattár,13/4,132
4239,Debrecen,1679,Komáromi Csipkés György,Debrecen,1677,Adattár,13/4,134
4462,Debrecen,1683,Csiba Ádám,Győr,1693,Adattár,13/4,154
156,Kraków,1559,Radvánszky László,Sajókaza,1750,Adattár,13/5,179
333,Sempte,1573,Esterházy József,Cseklész,1749,Adattár,13/5,116
355,Sempte,1574,Radvánszky László,Sajókaza,1750,Adattár,13/5,182
846,Bártfa,1599,Bél Mátyás,Pozsony,1749,Adattár,13/5,99
846,Bártfa,1599,Radvánszky László,Sajókaza,1750,Adattár,13/5,184
888,Sárvár,1602,Radvánszky László,Sajókaza,1750,Adattár,13/5,182
971,Hanau,1608,Esterházy József,Cseklész,1749,Adattár,13/5,116
995,Hanau,1610,Bél Mátyás,Pozsony,1749,Adattár,13/5,104
1057,Keresztúr,1613,Radvánszky László,Sajókaza,1750,Adattár,13/5,184
1072,Keresztúr,1614,Radvánszky László,Sajókaza,1750,Adattár,13/5,182
1091,Keresztúr,1615,Radvánszky László,Sajókaza,1750,Adattár,13/5,182
1174,Debrecen,1619,Radvánszky László,Sajókaza,1750,Adattár,13/5,186
1352,Wien,1626,Esterházy József,Cseklész,1749,Adattár,13/5,128
1376,Wien,1627,Esterházy József,Cseklész,1749,Adattár,13/5,129
1427,Debrecen,1629,Esterházy József,Cseklész,1749,Adattár,13/5,116
1448,Pozsony,1629,Radvánszky László,Sajókaza,1750,Adattár,13/5,179
1534,Gyulafehérvár,1632,Radvánszky László,Sajókaza,1750,Adattár,13/5,182
1629,Lőcse,1635,Radvánszky László,Sajókaza,1750,Adattár,13/5,181
1659,Pozsony,1636,Radvánszky László,Sajókaza,1750,Adattár,13/5,179
1697,Pozsony,1637,Esterházy József,Cseklész,1749,Adattár,13/5,128
1697,Pozsony,1637,Radvánszky László,Sajókaza,1750,Adattár,13/5,179
1713,Wien,1638,Radvánszky László,Sajókaza,1750,Adattár,13/5,185
2461,Wien,1653,Bél Mátyás,Pozsony,1749,Adattár,13/5,76
2868,Sárospatak,1659,Esterházy József,Cseklész,1749,Adattár,13/5,118
2893,Wien,1660,Radvánszky László,Sajókaza,1750,Adattár,13/5,180
3047,Lőcse,1662,Radvánszky László,Sajókaza,1750,Adattár,13/5,179
3149,Kassa,1664,Esterházy József,Cseklész,1749,Adattár,13/5,118
3288,Kassa,1666,Esterházy József,Cseklész,1749,Adattár,13/5,117
3481,Sárospatak,1668,Esterházy József,Cseklész,1749,Adattár,13/5,117
3591,Sárospatak,1669,Esterházy József,Cseklész,1749,Adattár,13/5,116
3591,Sárospatak,1669,Radvánszky László,Sajókaza,1750,Adattár,13/5,182
3645,Kolozsvár,1670,Esterházy József,Cseklész,1749,Adattár,13/5,116
4012,Sárospatak,1675,Esterházy József,Cseklész,1749,Adattár,13/5,118
4012,Kolozsvár,1675,Radvánszky László,Sajókaza,1750,Adattár,13/5,181
4025,Lőcse,1675,Radvánszky László,Sajókaza,1750,Adattár,13/5,185
4127,Debrecen,1677,Esterházy József,Cseklész,1749,Adattár,13/5,118
4197,Lőcse,1678,Radvánszky László,Sajókaza,1750,Adattár,13/5,185
4297,Debrecen,1680,Radvánszky László,Sajókaza,1750,Adattár,13/5,182
4357,Kolozsvár,1681,Nánási Gáspár,Kolozsvár,1685,Adattár,13/6,225
90,Kolozsvár,1551,Csép Bálint,Kolozsvár,1720,Adattár,16/2,33
162,Kolozsvár,1560,Református Kollégium,Marosvásárhely,1707,Adattár,16/2,103
162,Kolozsvár,1560,Szepesi György,Marosvásárhely,1707,Adattár,16/2,98
169,Debrecen,1561,Csép Bálint,Kolozsvár,1720,Adattár,16/2,33
194,Debrecen,1563,Református Kollégium,Marosvásárhely,1707,Adattár,16/2,102
208,Kolozsvár,1565,Csép Bálint,Kolozsvár,1720,Adattár,16/2,33
351,Kolozsvár,1574,Szepesi György,Marosvásárhely,1707,Adattár,16/2,98
360,Kolozsvár,1575,Serédi Benedek,Kolozsvár,1678,Adattár,16/2,10
895,Debrecen,1603,Krizbai György,Kolozsvár,1713,Adattár,16/2,68
1037,Oppenheim,1612,Református Kollégium,Marosvásárhely,1707,Adattár,16/2,102
1174,Debrecen,1619,Ölyvesi Balázs,Nagyenyed,1676,Adattár,16/2,124
1239,Heidelberg,1621,Református Kollégium,Marosvásárhely,1707,Adattár,16/2,105
1251,Kolozsvár,1621,Református Kollégium,Marosvásárhely,1707,Adattár,16/2,103
1289,Kassa,1623,Ölyvesi Balázs,Nagyenyed,1676,Adattár,16/2,124
1307,Gyulafehérvár,1624,Ölyvesi Balázs,Nagyenyed,1676,Adattár,16/2,123
1308,Hanau,1624,Református Kollégium,Marosvásárhely,1707,Adattár,16/2,100
1400,Bártfa,1628,Ölyvesi Balázs,Nagyenyed,1676,Adattár,16/2,122
1400,Bártfa,1628,Serédi Benedek,Kolozsvár,1678,Adattár,16/2,10
1561,Debrecen,1633,Református Kollégium,Marosvásárhely,1707,Adattár,16/2,104
1766,Gyulafehérvár,1639,Református Kollégium,Marosvásárhely,1707,Adattár,16/2,106
2059,Gyulafehérvár,1644,Református Kollégium,Marosvásárhely,1707,Adattár,16/2,106
2089,Nagyvárad,1644,Ölyvesi Balázs,Nagyenyed,1676,Adattár,16/2,127
2101,Gyulafehérvár,1645,Református Kollégium,Marosvásárhely,1707,Adattár,16/2,106
2105,Gyulafehérvár,1645,Református Kollégium,Marosvásárhely,1707,Adattár,16/2,106
2124,Nagyvárad,1645,Ölyvesi Balázs,Nagyenyed,1676,Adattár,16/2,123
2127,Nagyvárad,1645,Szepesi György,Marosvásárhely,1707,Adattár,16/2,98
2160,Nagyvárad,1646,Református Kollégium,Marosvásárhely,1707,Adattár,16/2,105
2196,Utrecht,1647,Szepesi György,Marosvásárhely,1707,Adattár,16/2,98
2197,Nagyvárad,1647,Ölyvesi Balázs,Nagyenyed,1676,Adattár,16/2,123
2201,Amszterdam,1648,Krizbai György,Kolozsvár,1713,Adattár,16/2,68
2231,Lőcse,1648,Református Kollégium,Marosvásárhely,1707,Adattár,16/2,104
2231,Lőcse,1648,Szepesi György,Marosvásárhely,1707,Adattár,16/2,98
2298,Nagyvárad,1649,Ölyvesi Balázs,Nagyenyed,1676,Adattár,16/2,123
2300,Nagyvárad,1649,Református Kollégium,Marosvásárhely,1707,Adattár,16/2,105
2367,Gyulafehérvár,1651,Református Kollégium,Marosvásárhely,1707,Adattár,16/2,106
2405,Nagyvárad,1651,Református Kollégium,Marosvásárhely,1707,Adattár,16/2,103
2405,Nagyvárad,1651,Szepesi György,Marosvásárhely,1707,Adattár,16/2,97
2452,Nagyvárad,1652,Református Kollégium,Marosvásárhely,1707,Adattár,16/2,104
2558,Utrecht,1654,Református Kollégium,Marosvásárhely,1707,Adattár,16/2,104
2559,Utrecht,1654,Református Kollégium,Marosvásárhely,1707,Adattár,16/2,104
2622,Nagyvárad,1655,Református Kollégium,Marosvásárhely,1707,Adattár,16/2,103
2622,Nagyvárad,1655,Szepesi György,Marosvásárhely,1707,Adattár,16/2,97
2710,Sárospatak,1657,Református Kollégium,Marosvásárhely,1707,Adattár,16/2,103
2746,Nagyvárad,1657,Váji Ferenc,Marosvásárhely,1709,Adattár,16/2,112
2868,Sárospatak,1659,Református Kollégium,Marosvásárhely,1707,Adattár,16/2,103
2888,Nagyvárad,1659,Református Kollégium,Marosvásárhely,1707,Adattár,16/2,105
2982,Kolozsvár,1661,Református Kollégium,Marosvásárhely,1707,Adattár,16/2,98
3252,Nagyszeben,1665,Református Kollégium,Marosvásárhely,1707,Adattár,16/2,103
3252,Nagyszeben,1665,Református Kollégium,Marosvásárhely,1707,Adattár,16/2,105
3318,Nagyszeben,1666,Református Kollégium,Marosvásárhely,1707,Adattár,16/2,104
3322,Nagyszeben,1666,Református Kollégium,Marosvásárhely,1707,Adattár,16/2,101
3322,Nagyszeben,1666,Szepesi György,Marosvásárhely,1707,Adattár,16/2,97
3418,Debrecen,1668,Református Kollégium,Marosvásárhely,1707,Adattár,16/2,103
3495,Nagyszeben,1668,Krizbai György,Kolozsvár,1713,Adattár,16/2,68
3510,Debrecen,1669,Református Kollégium,Marosvásárhely,1707,Adattár,16/2,105
3647,Kolozsvár,1670,Református Kollégium,Marosvásárhely,1707,Adattár,16/2,102
3647,Kolozsvár,1670,Szepesi György,Marosvásárhely,1707,Adattár,16/2,97
3774,Nagyszeben,1671,Református Kollégium,Marosvásárhely,1707,Adattár,16/2,105
3797,Kolozsvár,1672,Református Kollégium,Marosvásárhely,1707,Adattár,16/2,100
3797,Kolozsvár,1672,Szepesi György,Marosvásárhely,1707,Adattár,16/2,97
4012,Kolozsvár,1675,Serédi Benedek,Kolozsvár,1678,Adattár,16/2,10
4017,Kolozsvár,1675,Református Kollégium,Marosvásárhely,1707,Adattár,16/2,101
4020,Kolozsvár,1675,Szepesi György,Marosvásárhely,1707,Adattár,16/2,97
4022,Kolozsvár,1675,Szepesi György,Marosvásárhely,1707,Adattár,16/2,98
4127,Debrecen,1677,Református Kollégium,Marosvásárhely,1707,Adattár,16/2,103
4137,Kolozsvár,1677,Szepesi György,Marosvásárhely,1707,Adattár,16/2,97
4139,Kolozsvár,1677,Református Kollégium,Marosvásárhely,1707,Adattár,16/2,103
4251,Kolozsvár,1679,Református Kollégium,Marosvásárhely,1707,Adattár,16/2,104
4252,Kolozsvár,1679,Református Kollégium,Marosvásárhely,1707,Adattár,16/2,103
4252,Kolozsvár,1679,Váji Ferenc,Marosvásárhely,1709,Adattár,16/2,112
4254,Kolozsvár,1679,Váji Ferenc,Marosvásárhely,1709,Adattár,16/2,113
4300,Kolozsvár,1680,Református Kollégium,Marosvásárhely,1707,Adattár,16/2,103
4305,Kolozsvár,1680,Református Kollégium,Marosvásárhely,1707,Adattár,16/2,103
4357,Kolozsvár,1681,Váji Ferenc,Marosvásárhely,1709,Adattár,16/2,111
4402,Debrecen,1682,Református Kollégium,Marosvásárhely,1707,Adattár,16/2,105
4534,Kolozsvár,1684,Református Kollégium,Marosvásárhely,1707,Adattár,16/2,103
4534,Kolozsvár,1684,Szepesi György,Marosvásárhely,1707,Adattár,16/2,97
4558,Nagyszeben,1684,Váji Ferenc,Marosvásárhely,1709,Adattár,16/2,112
4562,Amszterdam,1685,Váji Ferenc,Marosvásárhely,1709,Adattár,16/2,111
98,Kolozsvár,1552,Bethlen Elek,Keresd,1683,Adattár,16/3,20
1116,Pozsony,1616,Bethlen Elek,Keresd,1683,Adattár,16/3,18
1721,Gyulafehérvár,1638,Bethlen Elek,Keresd,1683,Adattár,16/3,18
1826,Gyulafehérvár,1640,Bethlen Elek,Keresd,1683,Adattár,16/3,18
1841,Pozsony,1640,Bethlen Elek,Keresd,1683,Adattár,16/3,19
3542,Kolozsvár,1669,Bethlen Elek,Keresd,1683,Adattár,16/3,18
3591,Sárospatak,1669,Bethlen Elek,Keresd,1683,Adattár,16/3,18
4305,Kolozsvár,1680,Bethlen Elek,Keresd,1683,Adattár,16/3,19
1827,Gyulafehérvár,1640,Teleki Sándor,Marosvásárhely,1750,Adattár,16/7,35
3433,Kassa,1668,Teleki Sándor,Marosvásárhely,1750,Adattár,16/7,35
16,Wien,1536,Jezsuita rendház,Pozsony,1663,Adattár,17/1,210
633,Nagyszombat,1589,Jezsuita rendház,Pozsony,1663,Adattár,17/1,210
1040,Pozsony,1612,Jezsuita rendház,Kassa,1680,Adattár,17/1,62
1116,Pozsony,1616,Jezsuita rendház,Pozsony,1663,Adattár,17/1,211
1151,Wien,1618,Jezsuita rendház,Kassa,1680,Adattár,17/1,85
1293,Pozsony,1623,Jezsuita rendház,Kassa,1680,Adattár,17/1,86
1351,Wien,1626,Jezsuita rendház,Kassa,1680,Adattár,17/1,86
1352,Wien,1626,Jezsuita rendház,Kassa,1680,Adattár,17/1,85
1352,Wien,1626,Jezsuita rendház,Pozsony,1663,Adattár,17/1,146
1360,Kassa,1626,Jezsuita rendház,Pozsony,1663,Adattár,17/1,210
1376,Wien,1627,Jezsuita rendház,Kassa,1680,Adattár,17/1,85
1448,Pozsony,1629,Jezsuita rendház,Kassa,1680,Adattár,17/1,62
1509,Pozsony,1631,Jezsuita rendház,Kassa,1680,Adattár,17/1,27
1521,Bártfa,1632,Jezsuita rendház,Kassa,1680,Adattár,17/1,78
1566,Kassa,1633,Jezsuita rendház,Kassa,1680,Adattár,17/1,19
1585,Pozsony,1630,Jezsuita rendház,Kassa,1680,Adattár,17/1,86
1659,Pozsony,1636,Jezsuita rendház,Kassa,1680,Adattár,17/1,19
1659,Pozsony,1636,Jezsuita rendház,Kassa,1680,Adattár,17/1,64
1659,Pozsony,1636,Jezsuita rendház,Kassa,1680,Adattár,17/1,85
1659,Pozsony,1636,Jezsuita rendház,Znióváralja,1704,Adattár,17/1,242
1688,Lőcse,1637,Jezsuita rendház,Kassa,1680,Adattár,17/1,78
1697,Pozsony,1637,Jezsuita rendház,Kassa,1680,Adattár,17/1,62
1758,Bártfa,1639,Jezsuita rendház,Kassa,1680,Adattár,17/1,40
1788,Pozsony,1639,Jezsuita rendház,Pozsony,1663,Adattár,17/1,210
2238,Pozsony,1648,Jezsuita rendház,Kassa,1680,Adattár,17/1,85
2281,Nagyszombat,1649,Jezsuita rendház,Kassa,1680,Adattár,17/1,27
2338,Pozsony,1650,Jezsuita rendház,Kassa,1680,Adattár,17/1,60
2340,Pozsony,1650,Jezsuita rendház,Pozsony,1663,Adattár,17/1,211
2381,Lőcse,1651,Jezsuita rendház,Kassa,1680,Adattár,17/1,86
2660,Nagyszombat,1656,Jezsuita rendház,Kassa,1680,Adattár,17/1,69
2858,Nagyszombat,1659,Jezsuita rendház,Kassa,1680,Adattár,17/1,36
3115,Nagyszombat,1663,Jezsuita rendház,Kassa,1680,Adattár,17/1,59
3207,Kassa,1665,Jezsuita rendház,Kassa,1680,Adattár,17/1,78
3378,Nagyszombat,1667,Jezsuita rendház,Kassa,1680,Adattár,17/1,63
3378,Nagyszombat,1667,Jezsuita rendház,Znióváralja,1704,Adattár,17/1,240
3474,Nagyszombat,1668,Jezsuita rendház,Kassa,1680,Adattár,17/1,35
3515,Kassa,1669,Jezsuita rendház,Kassa,1680,Adattár,17/1,86
3526,Kassa,1669,Jezsuita rendház,Kassa,1680,Adattár,17/1,71
3635,Kassa,1670,Jezsuita rendház,Kassa,1680,Adattár,17/1,35
3639,Kassa,1670,Jezsuita rendház,Kassa,1680,Adattár,17/1,71
3980,Nagyszombat,1674,Jezsuita rendház,Kassa,1680,Adattár,17/1,74
4043,Nagyszombat,1675,Jezsuita rendház,Znióváralja,1704,Adattár,17/1,244
4049,Nagyszombat,1675,Jezsuita rendház,Znióváralja,1704,Adattár,17/1,241
4200,Nagyszombat,1678,Jezsuita rendház,Znióváralja,1704,Adattár,17/1,241
4272,Nagyszombat,1679,Jezsuita rendház,Kassa,1680,Adattár,17/1,74
474,Nagyszombat,1580,Jezsuita Egyetem,Nagyszombat,1690,Adattár,17/2,342
549,Nagyszombat,1584,Jezsuita Egyetem,Nagyszombat,1690,Adattár,17/2,247
633,Nagyszombat,1589,Jezsuita Egyetem,Nagyszombat,1690,Adattár,17/2,281
719,Kolozsvár,1593,Jezsuita Egyetem,Nagyszombat,1690,Adattár,17/2,218
781,Nagyszombat,1596,Jezsuita Egyetem,Nagyszombat,1690,Adattár,17/2,164
868,Nagyszombat,1600,Jezsuita Egyetem,Nagyszombat,1690,Adattár,17/2,281
1024,Pozsony,1611,Jezsuita Egyetem,Nagyszombat,1690,Adattár,17/2,255
1040,Pozsony,1612,Jezsuita Egyetem,Nagyszombat,1690,Adattár,17/2,256
1128,Wien,1617,Jezsuita Egyetem,Nagyszombat,1690,Adattár,17/2,350
1193,Nagyszombat,1619,Jezsuita Egyetem,Nagyszombat,1690,Adattár,17/2,260
1448,Pozsony,1629,Jezsuita Egyetem,Nagyszombat,1690,Adattár,17/2,294
1509,Pozsony,1631,Jezsuita Egyetem,Nagyszombat,1690,Adattár,17/2,262
1850,Pozsony,1640,Jezsuita Egyetem,Nagyszombat,1690,Adattár,17/2,271
1850,Pozsony,1640,Jezsuita Egyetem,Nagyszombat,1690,Adattár,17/2,350
1901,Pozsony,1641,Jezsuita Egyetem,Nagyszombat,1690,Adattár,17/2,291
1952,Pozsony,1642,Jezsuita Egyetem,Nagyszombat,1690,Adattár,17/2,222
2023,Pozsony,1643,Jezsuita Egyetem,Nagyszombat,1690,Adattár,17/2,222
2236,Nagyszombat,1648,Jezsuita Egyetem,Nagyszombat,1690,Adattár,17/2,348
2238,Pozsony,1648,Jezsuita Egyetem,Nagyszombat,1690,Adattár,17/2,263
2330,Lőcse,1650,Jezsuita Egyetem,Nagyszombat,1690,Adattár,17/2,260
2582,Lőcse,1655,Jezsuita Egyetem,Nagyszombat,1690,Adattár,17/2,210
2789,Nagyszombat,1658,Jezsuita Egyetem,Nagyszombat,1690,Adattár,17/2,287
2827,Kassa,1659,Jezsuita Egyetem,Nagyszombat,1690,Adattár,17/2,193
2973,Kassa,1661,Jezsuita Egyetem,Nagyszombat,1690,Adattár,17/2,255
2992,Nagyszombat,1661,Jezsuita Egyetem,Nagyszombat,1690,Adattár,17/2,229
3055,Nagyszombat,1662,Jezsuita Egyetem,Nagyszombat,1690,Adattár,17/2,281
3057,Nagyszombat,1662,Jezsuita Egyetem,Nagyszombat,1690,Adattár,17/2,274
3512,Kassa,1669,Jezsuita Egyetem,Nagyszombat,1690,Adattár,17/2,235
3515,Kassa,1669,Jezsuita Egyetem,Nagyszombat,1690,Adattár,17/2,256
3581,Nagyszombat,1669,Jezsuita Egyetem,Nagyszombat,1690,Adattár,17/2,229
3706,Kassa,1671,Jezsuita Egyetem,Nagyszombat,1690,Adattár,17/2,268
3718,Kassa,1671,Jezsuita Egyetem,Nagyszombat,1690,Adattár,17/2,350
3751,Nagyszombat,1671,Jezsuita Egyetem,Nagyszombat,1690,Adattár,17/2,173
3769,Pozsony,1671,Jezsuita Egyetem,Nagyszombat,1690,Adattár,17/2,213
3950,Kassa,1674,Jezsuita Egyetem,Nagyszombat,1690,Adattár,17/2,229
3957,Kassa,1674,Jezsuita Egyetem,Nagyszombat,1690,Adattár,17/2,213
3994,Pozsony,1674,Jezsuita Egyetem,Nagyszombat,1690,Adattár,17/2,260
4049,Nagyszombat,1675,Jezsuita Egyetem,Nagyszombat,1690,Adattár,17/2,342
4093,Nagyszombat,1676,Jezsuita Egyetem,Nagyszombat,1690,Adattár,17/2,208
4096,Nagyszombat,1676,Jezsuita Egyetem,Nagyszombat,1690,Adattár,17/2,217
4154,Nagyszombat,1677,Jezsuita Egyetem,Nagyszombat,1690,Adattár,17/2,208
4204,Nagyszombat,1678,Jezsuita Egyetem,Nagyszombat,1690,Adattár,17/2,294
4265,Nagyszombat,1679,Jezsuita Egyetem,Nagyszombat,1690,Adattár,17/2,171
4324,Nagyszombat,1680,Jezsuita Egyetem,Nagyszombat,1690,Adattár,17/2,290
4375,Nagyszombat,1681,Jezsuita Egyetem,Nagyszombat,1690,Adattár,17/2,262
4379,Nagyszombat,1681,Jezsuita Egyetem,Nagyszombat,1690,Adattár,17/2,315
4439,Nagyszombat,1682,Jezsuita Egyetem,Nagyszombat,1690,Adattár,17/2,244
2238,Pozsony,1648,Jezsuita rendház,Zsolna,1712,Adattár,19/1,400
2320,Lőcse,1650,Jezsuita rendház,Zsolna,1712,Adattár,19/1,388
2436,Sárospatak,1652,Jezsuita rendház,Zsolna,1712,Adattár,19/1,425
3114,Nagyszombat,1663,Jezsuita rendház,Zsolna,1712,Adattár,19/1,399
3115,Nagyszombat,1663,Jezsuita rendház,Zsolna,1712,Adattár,19/1,401
3378,Nagyszombat,1667,Jezsuita rendház,Zsolna,1712,Adattár,19/1,389
3706,Kassa,1671,Jezsuita rendház,Zsolna,1712,Adattár,19/1,405
4046,Nagyszombat,1675,Jezsuita rendház,Zsolna,1712,Adattár,19/1,389
4101,Nagyszombat,1676,Jezsuita rendház,Zsolna,1712,Adattár,19/1,399
4154,Nagyszombat,1677,Jezsuita rendház,Zsolna,1712,Adattár,19/1,420
4160,Nagyszombat,1677,Jezsuita rendház,Zsolna,1712,Adattár,19/1,417
4201,Nagyszombat,1678,Jezsuita rendház,Zsolna,1712,Adattár,19/1,400
4324,Nagyszombat,1680,Jezsuita rendház,Zsolna,1712,Adattár,19/1,399
4383,Nagyszombat,1681,Jezsuita rendház,Zsolna,1712,Adattár,19/1,404
4440,Nagyszombat,1682,Jezsuita rendház,Zsolna,1712,Adattár,19/1,387
4441,Nagyszombat,1682,Jezsuita rendház,Zsolna,1712,Adattár,19/1,387
4444,Nagyszombat,1682,Jezsuita rendház,Zsolna,1712,Adattár,19/1,415
846,Bártfa,1599,Református Kollégium,Debrecen,1738,Adattár,19/2,56
1059,Pozsony,1613,Református Kollégium,Debrecen,1738,Adattár,19/2,154
1236,Debrecen,1621,Református Kollégium,Debrecen,1738,Adattár,19/2,124
1262,Debrecen,1622,Református Kollégium,Debrecen,1738,Adattár,19/2,144
1720,Gyulafehérvár,1638,Református Kollégium,Debrecen,1738,Adattár,19/2,122
1825,Gyulafehérvár,1640,Református Kollégium,Debrecen,1738,Adattár,19/2,122
1877,Gyulafehérvár,1641,Református Kollégium,Debrecen,1738,Adattár,19/2,28
2197,Nagyvárad,1647,Református Kollégium,Debrecen,1738,Adattár,19/2,122
2298,Nagyvárad,1649,Református Kollégium,Debrecen,1738,Adattár,19/2,122
2357,Nagyvárad,1650,Református Kollégium,Debrecen,1738,Adattár,19/2,128
2684,Nagyvárad,1656,Református Kollégium,Debrecen,1738,Adattár,19/2,44
3146,Debrecen,1664,Református Kollégium,Debrecen,1738,Adattár,19/2,139
3275,Debrecen,1666,Református Kollégium,Debrecen,1738,Adattár,19/2,140
3632,Debrecen,1670,Református Kollégium,Debrecen,1738,Adattár,19/2,33
3785,Kassa,1672,Református Kollégium,Debrecen,1738,Adattár,19/2,155
4004,Debrecen,1675,Református Kollégium,Debrecen,1738,Adattár,19/2,34
4017,Kolozsvár,1675,Református Kollégium,Debrecen,1738,Adattár,19/2,148
4343,Debrecen,1681,Református Kollégium,Debrecen,1738,Adattár,19/2,140
4357,Kolozsvár,1681,Református Kollégium,Debrecen,1738,Adattár,19/2,148
4462,Debrecen,1683,Református Kollégium,Debrecen,1738,Adattár,19/2,99
4469,Kassa,1683,Református Kollégium,Debrecen,1738,Adattár,19/2,124
4514,Debrecen,1684,Református Kollégium,Debrecen,1738,Adattár,19/2,200
4582,Debrecen,1685,Református Kollégium,Debrecen,1738,Adattár,19/2,34
4270,Nagyszombat,1679,Ferences rendház,Buda,1735,Adattár,19/3,22
1352,Wien,1626,Katolikus plébánia,Endrőd,1788,Adattár,19/4,50
1352,Wien,1626,Katolikus plébánia,Kárásztelek,1766,Adattár,19/4,96
1667,Wien,1637,Batthyány Ádám,Németújvár,1638,KKK,,265