01Sorszám,00Bibliográfia,01Sorszám_RMNY,01Sorszám_RMNY-S,Nyelvi hungarikum,Területi hungaricum,Szerzői hungaricum,Tárgyi hungarikum,RMNY magyarázat,01xHely,01xIdö,02xSzerző,02Szerzö,03Cím,04Hely,05Idö,06xNyomda,06Nyomda,07Kolláció,08Terjedelem,09xFormátum,09Formátum,10Könyvdísz,xKönyvdísz-Orn.,xIllusztráció-ill.,xIniciálé,xCímer-ins,xHangjegy,xTérkép-map,11Forrás,12Tárgy,14Facsimile,16Nyelv,13Lelöhely,13Lelöhely_count,cities,15Olim,15Olim_count,olimCities,xIsmeret halmazok,Megjegyzés,08xTerjedelem,09xFormátum2,oldal_per_iv,ivszam
Appendix  1,Appendix,1,,,,,,Külföldi nyomtatvány,,,,"Galeottus, Martius",Liber de homine,Budae,cr. 1472.,,,,,,,,,,,,,,,,,,,0,,,0,,L,"GW-M21447 Martius Galeottus: Liber de homine. Davor: Brief an Johannes Vitez. Bologna: [Drucker von Martius Galeottus, De homine (H 7433), nicht nach 22.VIII.1474]. 2°",,,,
Appendix 2,Appendix,2,,,,,,Tévesen feltételezett kiadás,,,,,Missale,Buda,cr. 1474.,,,,,,,,,,,,,,,,,,,0,,,0,,W,,,,,
Appendix 3,Appendix,3,,,,,,Tévesen feltételezett kiadás,,,,"Manerstorffer, Michael",Chronica.,Budae,1482,,,,,,,,,,,,,,,,,,,0,,,0,,W,,,,,
Appendix 4,Appendix,4,,,,,,Tévesen feltételezett kiadás,,,,,Imádság és ének Sz. István király jobb kezének megtalálásáról.,Nürnberg,1484,,,,,,,,,,,,,,,,,,,0,,,0,,W,,,,,
Appendix 4A,Appendix,4,A,,,,,Külföldi nyomtatvány,,,,,Constitutiones incliti regni Hungariae.,Budae,1486,,,,,,,,,,,,,,,,,,,0,,,0,,G,,,,,
Appendix 5,Appendix,5,,,,,,Tévesen feltételezett kiadás,,,,Valentinus Ungarus,Seent Pál legendaja,Cracoviae,1507,,,,,,,,,,,,,,,,,,,0,,,0,,W,,,,,
Appendix 5A,Appendix,5,A,,,,,Kellő bizonyíték nélkül feltételezett kiadás,,,,,Zlatá studna.,V. Levoči,1515,,Fiol.,,,,,,,,,,,,,,,,,0,,,0,,W,,,,,
Appendix 6,Appendix,6,,,,,,Külföldi nyomtatvány,,,,"Manardus, Joannes",Epistolae medicinales,Ferrariae,1521,,,,,,,,,,,,,,,,,,,0,,,0,,G,,,,,
Appendix 7,Appendix,7,,,,,,Kéziratos művek,,,,,Libelli famosi,Cibinii,1529,,,,,,,,,,,,,,,,,,,0,,,0,,W,,,,,
Appendix 8,Appendix,8,,,,,,Külföldi nyomtatvány,,,,,Verteutschte Capitulation des Anstanndts,Megier,1532,,,,,,,,,,,,,,,,,,,0,,,0,,G,,,,,
Appendix 9,Appendix,9,,,,,,Tévesen feltételezett kiadás,,,,,Confessio Augustana.,Kronstadt,1533–1535,Honter nyomda,Honter.,,,,,,,,,,,,,,,,,0,,,0,,W,,,,,
Appendix 10,Appendix,10,,,,,,Kellő bizonyíték nélkül feltételezett kiadás,,,,"Honter, Johannes",Constitutio scholae Coronensis.,Coronae,1543,,,,,,,,,,,,,,,,,,,0,,,0,,W,,,,,
Appendix 11,Appendix,11,,,,,,Tévesen feltételezett kiadás,,,,Szegedi Kis István,Pannoniae luctus. A magyaroknak siralmas éneke.,Krakkó,1544,,,,,,,,,,,,,,,,,,,0,,,0,,W,,,,,
Appendix 12,Appendix,12,,,,,,Tévesen feltételezett kiadás,,,,,Magyar naptár az 1546. esztendőre.,Bécs,1545,,,,,,,,,,,,,,,,,,,0,,,0,,W,,,,,
Appendix 13,Appendix,13,,,,,,Kellő bizonyíték nélkül feltételezett kiadás,,,,,Calendarium.,Coronae,cr. 1548.,,,,,,,,,,,,,,,,,,,0,,,0,,W,,,,,
Appendix 14,Appendix,14,,,,,,Kellő bizonyíték nélkül feltételezett kiadás,,,,,Geistliche Lieder und Psalmen.,Zu Cron,1547–1549.,,,,,,,,,,,,,,,,,,,0,,,0,,W,,,,,
Appendix 15,Appendix,15,,,,,,Kéziratos mű,,,,,Mihály sárvári iskolamester hitvitázó munkája.,Sárvár,cr. 1550.,,,,,,,,,,,,,,,,,,,0,,,0,,W,,,,,
Appendix 16,Appendix,16,,,,,,Külföldi nyomtatvány,,,,"Truber, Primož",Abecedarium und der klein Catechismus in der windischen Sprach.,In Sybenburgen,1551,,Jernei Skuryaniz.,,,,,,,,,,,,,,,,,0,,,0,,G,,,,,
Appendix 17,Appendix,17,,,,,,Külföldi nyomtatvány,,,,"Truber, Primož",Catechismus in der windischen Sprach,Inn Sybenburgen,1551,,Jernei Skuryaniz.,,,,,,,,,,,,,,,,,0,,,0,,G,,,,,
Appendix 18,Appendix,18,Vacat!,,,,,,,,,,,,,,,,,,,,,,,,,,,,,,,0,,,0,,,,,,,
Appendix 19,Appendix,19,,,,,,Kellő bizonyíték nélkül feltételezett nyomtatvány,,,,,"Confessio fidei et doctrinae Christianae omnium pastorum, quae praesunt instaurationis reformatisque ecclesiis in Hungaria et Transylvania, edita communibus suffragiis in synodis provincialibus.",S. l.,1555,,,,,,,,,,,,,,,,,,,0,,,0,,W,,,,,
Appendix 20,Appendix,20,,,,,,Kellő bizonyíték nélkül feltételezett nyomtatvány,,,,Dávid Ferenc:,Responsum ministrorum eeelesiae Colosvariensis ad scripta varia Martini a Calmancha in causa coenae Domini edita Colosvarini anno MDLVI die XXV. Julii.,Colosvarini,MDLVI,,,,,,,,,,,,,,,,,,,0,,,0,,G,,,,,
Appendix 21,Appendix,21,,,,,,1600 utáni nyomtatvány,,,,"Stöckel, Leonhard",Confessio Christianae doctrinae,Bartphae,1560,,,,,,,,,,,,,,,,,,,0,,,0,,W,RMNY 1053,,,,
Appendix 22,Appendix,22,,,,,,1600 utáni nyomtatvány,Lőcse,,,"Stöckel, Leonhard",Confessio Christianae doctrinae,Leutschoviae,1560,,,,,,,,,,,,,,,,,,,0,,,0,,W,RMNY 1053,,,,
Appendix 23,Appendix,23,,,,,,Kéziratos mű,,,,,"<i>‘<font face=""'Symbol',serif"">Elleboron</i></font> ad repurganda phanaticorum quorundem spirituum capita, qui primum in Transylvaniam Calvinismi semina spargere coeperunt, authore Martino Calmanchei, sub patrocinio Petrovitz, locumtenente reginae Isabellae, an. 1556. Recens editum a pastoribus Saxonicis",in Transylvania,1560,,,,,,,,,,,,,,,,,,,0,,,0,,G,,,,,
Appendix 24,Appendix,24,,,,,,Kellő bizonyíték nélkül feltételezett kiadás,S l,,,Sztárai Mihály,A lelkek halál utáni állapotáról.,,1562,,,,,,,,,,,,,,,,,,,0,,,0,,G,,,,,
Appendix 25,Appendix,25,,,,,,Tévesen feltételezett kiadás,,,,Melius Juhász Péter,A házasságkötés polgári jellegéről.,Debrecen,1562–1564.,,,,,,,,,,,,,,,,,,,0,,,0,,W,,,,,
Appendix 26,Appendix,26,,,,,,Tévesen feltételezett kiadás,,,,Melius Juhász Péter,A pestisről.,Debrecen,1564,,,,,,,,,,,,,,,,,,,0,,,0,,W,,,,,
Appendix 26A,Appendix,26,A,,,,,Kellő bizonyíték nélkül feltételezett kiadás,,,,Transl. Melius Juhász Péter,.,Debrecen,cr. 1565.,,,,,,,,,,,,,,,,,,,0,,,0,,G,,,,,
Appendix 26B,Appendix,26,B,,,,,Kellő bizonyíték nélkül feltételezett kiadás,,,,Melius Juhász Péter,"Propositiones verae sumptae ex Scripturis Sacris de Unitate et Trinitate in uno Deo contra monstra haereticorum Sabelli et Socini haeresibus infectorum, disputandae Debrecini 26. Februarii Anno Domini 1567.",Debrecini,1567,,,,,,,,,,,,,,,,,,,0,,,0,,G,,,,,
Appendix 27,Appendix,27,,,,,,Tévesen feltételezett kiadás,S l,,,,Psaltire românească,,1568,,,,,,,,,,,,,,,,,,,0,,,0,,W,,,,,
Appendix 27A,Appendix,27,A,,,,,Kellő bizonyíték nélkül feltételezett kiadás,,,,Basilius István,Ének Servetusról.,Kolozsvár,1569,,,,,,,,,,,,,,,,,,,0,,,0,,G,,,,,
Appendix 28,Appendix,28,,,,,,Kéziratos mű,,,,Dávid Ferenc,Propositiones ex Ungarico sermone in Latinum conversae et in . . synodo Varadiensi (anno 1669) exhibitae,,1569,,,,,,,,,,,,,,,,,,,0,,,0,,G,,,,,
Appendix 29,Appendix,29,,,,,,Más mű (278) része,,,,Melius Juhász Péter,Az Fiú Isten is Jehovah.,Debrecen,1570,,,,,,,,,,,,,,,,,,,0,,,0,,W,,,,,
Appendix 30,Appendix,30,,,,,,Kéziratos mű,,,,Dávid Ferenc,Epistola ad ecclesias Polonicas super quaestione de regno millenario Jesu Christi hic terris.,Albae Juliae,1570,,,,,,,,,,,,,,,,,,,0,,,0,,G,,,,,
Appendix 31,Appendix,31,,,,,,Kellő bizonyíték nélkül feltételezett nyomtatvány,,,,"Acontius, Jacobus – Sommer, Johann",De stratagematibus satanae libri octo … In quinque redacti ac alicubi copiosius explicati.,Claudiopoli,1570–1571.,,,,,,,,,,,,,,,,,,,0,,,0,,G,,,,,
Appendix 32,Appendix,32,,,,,,Kellő bizonyíték nélkül feltételezett nyomtatvány,,,,"Tót Miklós–Sommer, Johann",A feltámadásról.,Kolozsvár,1570–1571,Heltai nyomda,Heltai.,,,,,,,,,,,,,,,,,0,,,0,,G,,,,,
Appendix 33,Appendix,33,,,,,,Külföldi nyomtatvány,,,,Károlyi Péter,A Christus Jehova istenségéről.,S. l.,1570,,,,,,,,,,,,,,,,,,,0,,,0,,G,,,,,
Appendix 33A,Appendix,33,A,,,,,Tévesen feltételezett kiadás,,,,"Zlatarić, Dominko",Elektra.,Nedelišče,1572,,,,,,,,,,,,,,,,,,,0,,,0,,W,,,,,
Appendix 34,Appendix,34,,,,,,Külföldi nyomtatvány,,,,"Fabinus, Lucas","Exempla declinationvm et coniugationvm, qvae svnt anima Donati vtilissimis regulis illustrata …",Eperies,1573,,,,,,,,,,,,,,,,,,,0,,,0,,G,,,,,
Appendix 35,Appendix,35,,,,,,Kellő bizonyíték nélkül feltételezett nyomtatvány,,,,,Trágár Balázs históriája.,S. l.,cr. 1577.,,,,,,,,,,,,,,,,,,,0,,,0,,G,,,,,
Appendix 36,Appendix,36,,,,,,Külföldi nyomtatvány,,,,,"Sententiae de moribus, dicta illustrium virorum.",Bartphae,cr. 1578,,,,,,,,,,,,,,,,,,,0,,,0,,G,,,,,
Appendix 37,Appendix,37,,,,,,Külföldi nyomtatvány,,,,"Frölich, Thomas",Ein schöner kurtzer Sermon von allerheiligsten Abendmal … gehalten auff Schemnitz den 2. tag Aprilis im 1579. Jahr.,Bartfeld,1579,,,,,,,,,,,,,,,,,,,0,,,0,,G,,,,,
Appendix 38,Appendix,38,,,,,,1600 utáni nyomtatvány,,,,Dávid Ferenc,"Isteni dicséretek, imádságok és vigasztaló énekek.",Kolozsvár,cr. 1579.,,,,,,,,,,,,,,,,,,,0,,,0,,W,RMNY 983,,,,
Appendix 39,Appendix,39,,,,,,Külföldi nyomtatvány,,,,Dávid Ferenc,Confessio edita XIII. Aprilis anno 1579. in conventu Tordensi sermone Latino.,S. l.,1579,,,,,,,,,,,,,,,,,,,0,,,0,,G,,,,,
Appendix 40,Appendix,40,,,,,,Külföldi nyomtatvány,,,,,Libellus elementalis pueritiae Bartphensis.,Bartphae,1577–1585.,,,,,,,,,,,,,,,,,,,0,,,0,,G,,,,,
Appendix 41,Appendix,41,,,,,,Külföldi nyomtatvány,,,,"Schreck, Wolfgang",Theses de puro et expresso Dei verbo.,Claudiopoli,1581,,,,,,,,,,,,,,,,,,,0,,,0,,G,,,,,
Appendix 42,Appendix,42,,,,,,Tévesen feltételezett kiadás,,,,Sztárai Miklós,Az Sodoma veszedelméről való ének.,Kolozsvár,cr. 1581.,,,,,,,,,,,,,,,,,,,0,,,0,,W,,,,,
Appendix 43,Appendix,43,,,,,,Külföldi nyomtatvány,,,,,Defensio Francisci Davidis in negotio de non invocando Jesu Christo in precibus.,Claudiopoli,1582,,,,,,,,,,,,,,,,,,,0,,,0,,G,,,,,
Appendix 44,Appendix,44,,,,,,Külföldi nyomtatvány,,,,"Sommer, Johann:",Refutatio scripti Petri Carolini.,Ingolstadii [= Claudiopoli],1582,,,,,,,,,,,,,,,,,,,0,,,0,,G,,,,,
Appendix 45,Appendix,45,,,,,,Kéziratos mű,,,,Dávid János:,Felelet Telegdi Miklós Egynehány jeles okai című művére.,S. l.,cr. 1581–1586.,,,,,,,,,,,,,,,,,,,0,,,0,,G,,,,,
Appendix 46,Appendix,46,,,,,,Kellő bizonyíték nélkül feltételezett kiadás,,,,,Calendarium.,Bartphae,1584,,,,,,,,,,,,,,,,,,,0,,,0,,G,,,,,
Appendix 47,Appendix,47,,,,,,Külföldi nyomtatvány,,,,Pilcius Kaspar:,"Assertio regularum breviter et simpliciter coenae dominicae sententiam complectentium, adversus Examen …",Bartphae,1586,,,,,,,,,,,,,,,,,,,0,,,0,,G,,,,,
Appendix 48,Appendix,48,,,,,,Külföldi nyomtatvány,,,,"Reuss, David",15 Predigten über den 91. Psalm Davids.,Nagy-Banya,1586,,,,,,,,,,,,,,,,,,,0,,,0,,G,,,,,
Appendix 49,Appendix,49,,,,,,Külföldi nyomtatvány,,,,"Pilcius, Kaspar:","Merkzeichen, dabei ein Schäflein Christi zu erkennen sei.",S. l.,1586–1587.,,,,,,,,,,,,,,,,,,,0,,,0,,G,,,,,
Appendix 50,Appendix,50,,,,,,Külföldi nyomtatvány,,,,Chiakor György,Epistola … de morbo et obitu … Stephani regis Poloniae.,Claudiopoli,1587,,,,,,,,,,,,,,,,,,,0,,,0,,G,,,,,
Appendix 51,Appendix,51,,,,,,Külföldi nyomtatvány,,,,"Hasler, Johann",Fröliche Practick auff das 1588. Jar … auff den Meridian deß gantzen Teutschen Landes gestellet durch Theodorum Rhelasum Hebiscadensem mathematicum et medicum …,Clausenburg in Siebenbürgen,1588,,,,,,,,,,,,,,,,,,,0,,,0,,G,,,,,
Appendix 52,Appendix,52,,,,,,1600 utáni nyomtatvány,,,,Balassi Bálint:,Szép magyar comoedia. Credulus és Julia.,Bártfa,1588–1589.,,,,,,,,,,,,,,,,,,,0,,,0,,W,RMNY 1172,,,,
Appendix 53,Appendix,53,,,,,,Külföldi nyomtatvány,,,,"Pilcius, Kaspar",Brevis et perspicua responsio ad maledicam et futilem Apologiam Martini Wagneri.,Bartphae,1591,,,,,,,,,,,,,,,,,,,0,,,0,,G,,,,,
Appendix 53A,Appendix,53,A,,,,,Külföldi nyomtatvány,,,,"Polus, Clemens",De pontificibus Romanis.,Debrecini,1592,,,,,,,,,,,,,,,,,,,0,,,0,,G,,,,,
Appendix 54,Appendix,54,,,,,,Külföldi nyomtatvány,,,,,Articuli diaetales Posonienses anni 1595.,Posonii,1595,,,,,,,,,,,,,,,,,,,0,,,0,,G,,,,,
Appendix 55,Appendix,55,,,,,,1600 utáni nyomtatvány,,,,,Articuli iuxta quos regitur ecclesia in superioribus regni Vngariae partibus.,S. l.,MDXCV.,,,,,,,,,,,,,,,,,,,0,,,0,,W,RMNY 1912,,,,
Appendix 56,Appendix,56,,,,,,Külföldi nyomtatvány,,,,"Polus, Clemens",Historia confoederationis Polonicae.,Debreceni,1596,,,,,,,,,,,,,,,,,,,0,,,0,,G,,,,,
Appendix 57,Appendix,57,,,,,,Külföldi nyomtatvány,,,,,Articuli diaetales Posonienses anni 1596.,Posonii,1596,,,,,,,,,,,,,,,,,,,0,,,0,,G,,,,,
Appendix 58,Appendix,58,,,,,,Külföldi nyomtatvány,,,,,Articuli diaetales Posonienses anni 1597.,Posonii,1597,,,,,,,,,,,,,,,,,,,0,,,0,,G,,,,,
Appendix 59,Appendix,59,,,,,,1600 utáni nyomtatvány,,,,Bornemisza Miklós:,Historia mikeppen az Szent Eleazar … martyromsagot szenvedet.,Debrecen,1596–1600,Debreceni városi nyomda,Rheda.,,,,,,,,,,,,,,,,,0,,,0,,W,RMNY 927,,,,
Appendix 60,Appendix,60,,,,,,Valószínűleg 1600 utáni nyomtatvány,,,,,"Egy szep enek mikeppen az Vr Isten meg aldgya azokat minden ioval, az kik ötet felik.",Debrecen,1596–1600,Debreceni városi nyomda,Rheda.,,,,,,,,,,,,,,,,,0,,,0,,G,,,,,
Appendix 61,Appendix,61,,,,,,Valószínűleg 1600 utáni nyomtatvány,,,,Decsi Gáspár,Az David kiralynak Bethsabeval valo vetkeröl es az Uriasnak David altal az hadban löt halalarol valo historia.,Debrecen,1596–1600,Debreceni városi nyomda,Rheda.,,,,,,,,,,,,,,,,,0,,,0,,G,,,,,
Appendix 62,Appendix,62,,,,,,Valószínűleg 1600 utáni nyomtatvány,,,,Ilosvai Selymes Péter,Historia az világ biro Nagy Sandornak … viselt nagy dolgairol.,Debrecen,1596–1600,Debreceni városi nyomda,Rheda.,,,,,,,,,,,,,,,,,0,,,0,,G,,,,,
Appendix 63,Appendix,63,,,,,,Valószínűleg 1600 utáni nyomtatvány,,,,Ilosvai Selymes Péter,Historia. Mikeppen az Ptolomeus kiraly az Moysesnek öt könyvet … fordittatta …,Debrecen,1596–1600,Debreceni városi nyomda,Rheda.,,,,,,,,,,,,,,,,,0,,,0,,G,,,,,
Appendix 64,Appendix,64,,,,,,Valószínűleg 1600 utáni nyomtatvány,,,,,Markalfnak Salamon kirallyal valo treffa beszediröl irott rövid könyv.,Debrecen,1596–1600,Debreceni városi nyomda,Rheda.,,,,,,,,,,,,,,,,,0,,,0,,G,,,,,
Appendix 65,Appendix,65,,,,,,Külföldi nyomtatvány,,,,,Articuli diaetales Posonienses anni 1598.,Posonii,1598,,,,,,,,,,,,,,,,,,,0,,,0,,G,,,,,
Appendix 66,Appendix,66,,,,,,1600 utáni nyomtatvány,,,,"Luther, Martin:","Enchiridion, reovid catechismus.",Szebembe,cr. 1595–1600.,,,,,,,,,,,,,,,,,,,0,,,0,,W,RMNY 974,,,,
Appendix 67,Appendix,67,,,,,,Külföldi nyomtatvány,,,,,Articuli diaetales Posonienses anni 1599.,Posonii,1599,,,,,,,,,,,,,,,,,,,0,,,0,,G,,,,,
Appendix 68,Appendix,68,,,,,,1600 utáni nyomtatvány,,,,,Icon vicissitudinis humanae vitae.,Bártfa,cr. 1600.,,,,,,,,,,,,,,,,,,,0,,,0,,W,RMYN 2008,,,,
Appendix 68A,Appendix,68,A,,,,,1600 utáni nyomtatvány,,,,"Heinzel, Matthias",Hoc est modus praedicandi synonymus.,Cassoviae,1600,,apud Johann. David. Türsch.,,,,,,,,,,,,,,,,,0,,,0,,W,RMNY 3200,,,,
Appendix 69,Appendix,69,,,,,,Külföldi nyomtatvány,,,,,Articuli diaetales Posonienses anni 1600.,Posonii,1600,,,,,,,,,,,,,,,,,,,0,,,0,,G,,,,,
Appendix 70,Appendix,70,,,,,,1600 utáni nyomtatvány,,,,"Calepinus, Ambrosius",Dictionarium undecim linguarum.,Basileae,XVI. saec.,,,,,,,,,,,,,,,,,,,0,,,0,,W,RMNY 1101,,,,
Appendix 71,Appendix,71,,,,,,1600 utáni nyomtatvány,,,,,Cisioianus.,Coronae,saec. XVI.,,,,,,,,,,,,,,,,,,,0,,,0,,W,Nem azonosítható egyik későbbi RMNY tétellel sem.,,,,
Appendix 72,Appendix,72,,,,,,1600 utáni nyomtatvány,,,,,Iason és Medea.,S. l.,saec. XVI.,,,,,,,,,,,,,,,,,,,0,,,0,,W,RMNY 2308,,,,
Appendix 73,Appendix,73,,,,,,1600 utáni nyomtatvány,,,,Munkácsy János,Tóbiás élete versekben.,S. l.,saec. XVI.,,,,,,,,,,,,,,,,,,,0,,,0,,W,RMNY 950,,,,
Appendix 74,Appendix,74,,,,,,1600 utáni nyomtatvány,,,,Póli István,Historia az Iovenianus … csaszarnak … fel-fualkodásáról … magyarrá fordittatott 1593. esztendöben.,S. l.,saec. XVI.,,,,,,,,,,,,,,,,,,,0,,,0,,W,RMNY 924,,,,
Appendix 75,Appendix,75,,,,,,Kellő bizonyíték nélkül feltételezett kiadvány,,,,,Monoszlóy András könyve.,Tyrnaviae,1601,,,,,,,,,,,,,,,,,,,0,,,0,,G,,,,,
Appendix 76,Appendix,76,,,,,,Külföldi nyomtatvány,,,,,Articuli dominorum… statuum et ordinum regni Hungariae… in generali eorum conventu pro… vigesimo quinto die mensis Januarii anno Domini millesimo sexcentesimo primo indicto Posoniique celebrato conclusi.,Posonii,1601,,,,,,,,,,,,,,,,,,,0,,,0,,G,,,,,
Appendix 77,Appendix,77,,,,,,Tévesen feltételezett nyomtatvány,,,,Diablonovszky Péter,Sed libera nos a malo,S. 1.,1601,,,,,,,,,,,,,,,,,,,0,,,0,,W,,,,,
Appendix 78,Appendix,78,,,,,,1700 utáni nyomtatvány,,,,,Centuriae vocabulorum.,Claudiopoli,1602,,,,,,,,,,,,,,,,,,,0,,,0,,W,,,,,
Appendix 79,Appendix,79,,,,,,Kellő bizonyíték nélkül feltételezett kiadás,,,,"Forró, Georgius","Dictio in comitiis generalibus 1602, ubi summi pontificis auctoritatem adversus praesentes heterodoxos defendit.",Tyrnaviae,1602,,,,,,,,,,,,,,,,,,,0,,,0,,G,,,,,
Appendix 80,Appendix,80,,,,,,Külföldi nyomtatvány,,,,,Articuli dominorum… statuum et ordinum regni Hungariae… in generali eorum-congregatione ad festum Cathedrae beati Petri apostoli anno domini millesimo sexingentesimo secundo indicta Posoniique celebrata conclusi.,Posonii,1602,,,,,,,,,,,,,,,,,,,0,,,0,,G,,,,,
Appendix 81,Appendix,81,,,,,,Tévesen feltételezett kiadás,,,,,Halotti beszéd Rákóczi Zsigmond felett Ecseden.,Nagyszombat,1603,,,,,,,,,,,,,,,,,,,0,,,0,,W,,,,,
Appendix 82,Appendix,82,,,,,,Külföldi nyomtatvány,,,,,Articuli dominorum… statuum et ordinum regni Hungariae… in generali eorum congregatione… vigesimo quarto die mensis Februarii… anno Domini millesimo sexcentesimo tertio indicta et Posonii celebrata conclusi.,Posonii,1603,,,,,,,,,,,,,,,,,,,0,,,0,,G,,,,,
Appendix 83,Appendix,83,,,,,,1700 utáni nyomtatvány,Lőcse,,,,Balassi Bálint és Rimay János versei.,Lőcse,1604,,,,,,,,,,,,,,,,,,,0,,,0,,W,,,,,
Appendix 84,Appendix,84,,,,,,Külföldi nyomtatvány,,,,"Argentus, Joannes",Defensio Societatis Jesu aduersus Matthaei Turoscani Arrianorum et Michaelis Tasnadij Caluinistarum superintendentium accusationes.,Claudiopoli,1607,,,,,,,,,,,,,,,,,,,0,,,0,,G,,,,,
Appendix 85,Appendix,85,,,,,,Külföldi nyomtatvány,,,,"Argentus, Joannes",Actio pro restituenda Societate Jesu in Transyluania habita.,Claudiopoli,1607,,,,,,,,,,,,,,,,,,,0,,,0,,G,,,,,
Appendix 85A,Appendix,85,A,,,,,1700 utáni nyomtatvány,,,,"Dobronoki, Georgius",Phrases latino–hungaricae.,Tyrnaviae,1607,,typ. Acad.,,,,,,,,,,,,,,,,,0,,,0,,W,,,,,
Appendix 86,Appendix,86,,,,,,Külföldi nyomtatvány,,,,,Articuli dominorum… statuum et ordinum regni Hungariae… in generali eorum conventu pro… vigesimo nono die mensis Septembris anno Domini millesimo sexcentesimo octavo indicto Posoniique celebrato conclusi.,Posonii,1608,,,,,,,,,,,,,,,,,,,0,,,0,,G,,,,,
Appendix 87,Appendix,87,,,,,,Külföldi nyomtatvány,,,,"Berger, Elias",Oratio funebris in exequiis… Stephani de Illieshaza…,Cassoviae,1609,,,,,,,,,,,,,,,,,,,0,,,0,,G,,,,,
Appendix 88,Appendix,88,,,,,,Külföldi nyomtatvány,,,,,Articuli dominorum… statuum et ordinum regni Hungariae… in generali eorum congregatione ad… primum diem mensis Novembris… anno Domini millesimo sexcentesimo nono indicta et Posonii celebrata conclusi.,Posonii,1609,,,,,,,,,,,,,,,,,,,0,,,0,,G,,,,,
Appendix 89,Appendix,89,,,,,,Tévesen feltételezett kiadás,,,,Szegedi Dániel,Magyar prédikációk.,Várad,1609,,,,,,,,,,,,,,,,,,,0,,,0,,W,,,,,
Appendix 90,Appendix,90,,,,,,1700 utáni nyomtatvány,,,,Molnár Gergely,Elementa grammaticae Latinae.,Cassoviae,1611,,,,,,,,,,,,,,,,,,,0,,,0,,W,,,,,
Appendix 91,Appendix,91,,,,,,Valószínűleg külföldi nyomtatvány,Lőcse,,,,"Jesuitographia, hoc est brevis descriptio sectae Jesuiticae.",Leutschoviae,1611,,,,,,,,,,,,,,,,,,,0,,,0,,G,,,,,
Appendix 92,Appendix,92,,,,,,Későbbi nyomtatványok része,,,,,Synodi provincialis decreta anno MDCXI. Tyrnaviae celebratae… Rituali Strigoniensi nunc primum annexa.,Tyrnaviae,1611,,,,,,,,,,,,,,,,,,,0,,,0,,W,,,,,
Appendix 93,Appendix,93,,,,,,Külföldi nyomtatvány,,,,,Exemplar orationis civitatis Cibiniensis in Transylvania ad… Sigismvndvm Forgach de Ghymes.,Posonii,1611,,,,,,,,,,,,,,,,,,,0,,,0,,G,,,,,
Appendix 94,Appendix,94,,,,,,Valószínűleg külföldi nyomtatvány,,,,,Oratio civitatis Saxonvm Cibiniensis in Transylvania ad… Sigismundum Forgach de Ghijmes.,Posonii,1611,,,,,,,,,,,,,,,,,,,0,,,0,,G,,,,,
Appendix 94A,Appendix,94,A,,,,,Külföldi nyomtatvány,,,,"Zawadzki, Joannes Matthaeus",Ode metatoria… principis Annae… in thalamum… Matthiae secundi…,Posonii,1611,,in aula archiepiscopali.,,,,,,,,,,,,,,,,,0,,,0,,G,,,,,
Appendix 95,Appendix,95,,,,,,Külföldi nyomtatvány,,,,"Luther, Martin",Katechysmus…,V Bardejove,1612,,,,,,,,,,,,,,,,,,,0,,,0,,G,,,,,
Appendix 96,Appendix,96,,,,,,Költött kiadás,,,,,Gipczic Albert Vince cascantyui predikator munkalta (könyv).,Szolnoc várban,MDCXII,,Dolavera Bandi által.,,,,,,,,,,,,,,,,,0,,,0,,W,,,,,
Appendix 97,Appendix,97,Vacat!,,,,,,,,,,,,,,,,,,,,,,,,,,,,,,,0,,,0,,,,,,,
Appendix 98,Appendix,98,,,,,,Külföldi nyomtatvány,,,,,Articuli dominorum… statuum et ordinum regni Hungariae… in generali eorum congregatione pro… vigesima quarta die… mensis Februarii anno Domini millesimo sexcentesimo decimo tertio indicta et Posonii celebrata conclusi.,Pozsonii,1613,,,,,,,,,,,,,,,,,,,0,,,0,,G,,,,,
Appendix 99,Appendix,99,,,,,,Külföldi nyomtatvány,,,,"Laekner, Christoph",Coronae Hungariae emblematica descriptis.,Sopronii,1613,,,,,,,,,,,,,,,,,,,0,,,0,,G,,,,,
Appendix 100,Appendix,100,,,,,,1635 utáni nyomtatvány,,,,Póli István,Historia az Iovenianus csaszarnak… felfualkodásáról… magyarrá fordíttatatott 1593. esztendőben.,S. l.,1601–1625.,,,,,,,,,,,,,,,,,,,0,,,0,,W,RMNY 2325,,,,
Appendix 101,Appendix,101,,,,,,Kéziratos mű,,,,Kőszegi Szekér Mátyás,Emblemata.,Kereszturini,1615,,,,,,,,,,,,,,,,,,,0,,,0,,G,,,,,
Appendix 102,Appendix,102,,,,,,Kellő bizonyíték nélkül feltételezett kiadás,,,,"Forró, Georgius",Oratio funebris cardinali Francisco Forgách archiepiscopo Strigoniensi.,Tyrnaviae,1615,,,,,,,,,,,,,,,,,,,0,,,0,,G,,,,,
Appendix 103,Appendix,103,,,,,,1700 utáni nyomtatvány,,,,Szatmárnémeti Sámuel,Halotti prédikátziok.,Kolozsvár,1616,,,,,,,,,,,,,,,,,,,0,,,0,,W,,,,,
Appendix 104,Appendix,104,,,,,,Külföldi nyomtatvány,Lőcse,,,"Luther, Martin",Katechismus…,Levoča,1617,,,,,,,,,,,,,,,,,,,0,,,0,,G,,,,,
Appendix 105,Appendix,105,,,,,,Külföldi nyomtatvány,,,,,Articuli dominorum… statuum et ordinum regni Hungariae… in generali eorum congregatione ad… quartam diem mensis Martii anno Domini millesimo sexcentesimo decimo octavo indicta Posoniique celebrata conclusi.,Posonii,1618,,,,,,,,,,,,,,,,,,,0,,,0,,G,,,,,
Appendix 106,Appendix,106,,,,,,Külföldi nyomtatvány,,,,,Gratulatio Ferdinando secundo. – Hungariae reges a primo S. Stephano usque ad Ferdinandum secundum.,Posonii,1618,,,,,,,,,,,,,,,,,,,0,,,0,,G,,,,,
Appendix 107,Appendix,107,,,,,,Külföldi nyomtatvány,Lőcse,,,,Qverela Hvngariae.,Leutschoviae,1619,,,,,,,,,,,,,,,,,,,0,,,0,,G,,,,,
Appendix 107A,Appendix,107,A,,,,,Külföldi nyomtatvány,,,,,Jesuiter Ausmusterung im Königreich Ungarn und Marggrafthumb Mähren…,Preßburg,1619,,,,,,,,,,,,,,,,,,,0,,,0,,G,,,,,
Appendix 108,Appendix,108,,,,,,Külföldi nyomtatvány,,,,,Ordinum regni Hungariae ad propositiones in comitiis Posoniensibus anni MDCXIX. responsum et attestatio…,Posonii,1619,,,,,,,,,,,,,,,,,,,0,,,0,,G,,,,,
Appendix 109,Appendix,109,,,,,,Külföldi nyomtatvány,,,,,"Septuaginta graves et arduae rationes, ob quas regem Poloniae non adversari decet.",Posonii,1619,,,,,,,,,,,,,,,,,,,0,,,0,,G,,,,,
Appendix 110,Appendix,110,,,,,,Kellő bizonyíték nélkül feltételezett nyomtatvány,,,,Csirnovicz (Tsirnovitzi) János,De bello Pannonico libri III.,S. 1.,1619,,,,,,,,,,,,,,,,,,,0,,,0,,G,,,,,
Appendix 110A,Appendix,110,A,,,,,Külföldi nyomtatvány,,,,,Omnibus electis ac vocatis sanctis…,In Hungaria,1619,,,,,,,,,,,,,,,,,,,0,,,0,,G,,,,,
Appendix 111,Appendix,111,,,,,,1635 utáni nyomtatvány,,,,Gönczi György,"Kereszteni isteni dicsiretek, mellyekkel az magyar nemzetben reformáltatott ecclesiákban… szoktanak élni…",Debrecen,1602–1639.,,,,,,,,,,,,,,,,,,,0,,,0,,W,RMNY 2532,,,,
Appendix 111A,Appendix,111,A,,,,,1700 utáni nyomtatvány,,,,Ötvös Miklós,Lelki szemgyógyító könyvecske.,Kassa,saec. XVII (ca 1620).,,,,,,,,,,,,,,,,,,,0,,,0,,W,,,,,
Appendix 112,Appendix,112,,,,,,Külföldi nyomtatvány,,,,Alvinci Péter,"Des Königreichs Hungarn offene Klagschrift an die gantze Christenheit, sonderlich aber seine Bundsverwandten…",Preßburg,1620,,,,,,,,,,,,,,,,,,,0,,,0,,G,,,,,
Appendix 113,Appendix,113,,,,,,Külföldi nyomtatvány,,,,,"Articuli dominorum… statuum et ordinum regni Hungariae in diaeta eorum Posoniensi ad festum divi Martini episcopi anni millesimi sexcentesimi decimi noni indicta Posoniique celebrata, conclusi, ac… Gabrieli Bethlen die decima octava Ianuarii in anno millesimo sexcentesimo vigesimo exhibiti et… confirmati Cassoviae XVIII. Februarii anno Domini MDCXX.",Posonii,1620,,,,,,,,,,,,,,,,,,,0,,,0,,G,,,,,
Appendix 114,Appendix,114,,,,,,Külföldi nyomtatvány,,,,,Conversation zwischen zweyen Studenten einem Catholischen und Calvinisten. Erstlich zu Prag gedruckt im Jahr 1620.,Preßburg,1620,,,,,,,,,,,,,,,,,,,0,,,0,,G,,,,,
Appendix 115,Appendix,115,,,,,,Külföldi nyomtatvány,,,,,Querelarum inclyti regni Hungariae adversus corruptelas Jesuiticas Augustae Windelicorum recusas defensio.,Posonii,1620,,,,,,,,,,,,,,,,,,,0,,,0,,G,,,,,
Appendix 116,Appendix,116,,,,,,Külföldi nyomtatvány,,,,,Deß Türkischen Kaysers Hülff dem Fürsten inn Siebenbürgen Betlehem Gabor nunmehr erwöhlten König in Vngarn vnd desselben Ständen auch der confaederirten Landen versprochen.,Gedruckt zu Preßburg,1620,,,,,,,,,,,,,,,,,,,0,,,0,,G,,,,,
Appendix 117,Appendix,117,,,,,,Kéziratos munka,,,,"Parschitius, Juraj",Bellum philosophicum,Solnae,1620,,,,,,,,,,,,,,,,,,,0,,,0,,G,,,,,
Appendix 118,Appendix,118,,,,,,Külföldi nyomtatvány,,,,,Qverela Hvngariae.,In Hungaria,1620,,,,,,,,,,,,,,,,,,,0,,,0,,G,,,,,
Appendix 118A,Appendix,118,A,,,,,Külföldi nyomtatvány,,,,,Concept einer Supplication an die röm. Kays. Maj. …von allen Eheweibern… umb Abschaffung zweyer schädlichen Gesellschaften…,Preßburg,1621,,,,,,,,,,,,,,,,,,,0,,,0,,G,,,,,
Appendix 119,Appendix,119,,,,,,Külföldi nyomtatvány,,,,,Desz Türkischen Kaysers Hülff dem Fürsten im Siebenbürgen Betlehem Gabor nunmehr erwöhlten König in Vngarn vnd desselben Ständen auch den conföderirten Landen versprochen.,Gedurckt zu Preßburg,1621,,,,,,,,,,,,,,,,,,,0,,,0,,G,,,,,
Appendix 120,Appendix,120,,,,,,Feltehetően külföldi nyomtatvány,,,,,Háportoni Forró Pál: Prosopopoeja Albae Juliae ad… reginam d. d. Susannam Karolyi… MDCXXII Claudiopoli… demortuam.,Claudiopoli,1622,,,,,,,,,,,,,,,,,,,0,,,0,,G,,,,,
Appendix 121,Appendix,121,,,,,,Külföldi nyomtatvány,,,,,Articuli dominorum… statuum et ordinum regni Hungariae… in generali eorum congregatione ad primam diem mensis Maii anno Domini millesimo sexcentesimo vigesimo secundo indicta Soproniique celebrata conclusi.,Sopronii,1622,,,,,,,,,,,,,,,,,,,0,,,0,,G,,,,,
Appendix 122,Appendix,122,,,,,,Külföldi nyomtatvány,,,,,"Ein newe Litaney, beedes für die arme nohtleydende Christen vnnd für die reichen vnbarmhertzigen Iuden. … Gestellt durch Lazarum Patientem von Armutheya…","Gedruckt zu Preßburg im Hungerland,",anno MDCXXIV.,,,,,,,,,,,,,,,,,,,0,,,0,,G,,,,,
Appendix 123,Appendix,123,,,,,,Valószínűleg külföldi nyomtatvány,,,,"Plosarius, Dorotheus",Oratio apologetica pro serenissimo Gabriele Bethleno.,Posonii,1624,,,,,,,,,,,,,,,,,,,0,,,0,,G,,,,,
Appendix 124,Appendix,124,,,,,,Külföldi nyomtatvány,,,,"Jansonius, Robertus","Brevis dissertatio de visionibus, quae capitibus XIII. et XVII. Apocalypseos describuntur.",Claudiopoli,1625,,,,,,,,,,,,,,,,,,,0,,,0,,G,,,,,
Appendix 125,Appendix,125,,,,,,Kellő bizonyíték nélkül feltételezett kiadás,,,,"Becanus, Martinus",Compendium manualis controversiarum hujus temporis de fide et religione a R. P. Martino Becano conscriptum.,Tyrnaviae,1625,,,,,,,,,,,,,,,,,,,0,,,0,,G,,,,,
Appendix 126,Appendix,126,,,,,,Külföldi nyomtatvány,,,,,Articuli dominorum… statuum et ordinum regni Hungariae… in generali eorum conventu ad festum Nativitatis gloriosissimae Virginis Mariae Anno Domini millesimo quingentesimo vigesimo quinto indicto Soproniique celebrato conclusi.,In Hungaria,1625,,,,,,,,,,,,,,,,,,,0,,,0,,G,,,,,
Appendix 127,Appendix,127,,,,,,1700 utáni nyomtatvány,,,,,"Séllye városában, tekintetes nemes Nitra varmegyében lévő mester emberek megujjittatott kötelessége. Ezer hat száz huszon hatodik esztendőben, karácson havának harminczadik napján.",Nagyszombat,1626,,,,,,,,,,,,,,,,,,,0,,,0,,W,,,,,
Appendix 128,Appendix,128,,,,,,Külföldi nyomtatvány,,,"Comenius, Joannes Amos","Komenský, Jan Amos",Trauren über Trauren und Trost über Trost.,Preßburg,1626,,,,,,,,,,,,,,,,,,,0,,,0,,G,,,,,
Appendix 129,Appendix,129,,,,,,Későbbi kiadás része,,,,,Limitatio rerum forensium. Gabriel Dei gratia… Transylvaniae princeps… Az aros emberek… limitatiojok.,Gyulafehérvár,1627,,,,[23] fol.,,,,,,,,,,,,,,,0,,,0,,G,,,,,
Appendix 130,Appendix,130,,,,,,1635 utáni nyomtatvány,Lőcse,,,Szenci Molnár Albert,Psalterium Ungaricum… Catechismus… Szarászi Ferentz fordítása.,Lőcse,1627,,,,,,,,,,,,,,,,,,,0,,,0,,W,RMNY 1947,,,,
Appendix 131,Appendix,131,,,,,,1700 utáni nyomtatvány,,,,Rajcsányi Joannes,Opusculum de vera et falsa fidei regula.,Cassoviae,1628,,,,,,,,,,,,,,,,,,,0,,,0,,W,,,,,
Appendix 132,Appendix,132,,,,,,Külföldi nyomtatvány,,,"Comenius, Joannes Amos","Komenský, Jan Amos",Trawren über Trawren vnd Trost über Trost.,Gedruckt zu Preßburg,1628,,,,,,,,,,,,,,,,,,,0,,,0,,G,,,,,
Appendix 133,Appendix,133,,,,,,Kéziratos mű,,,,Káldi György,Halotti beszédek,Bécs,1629,,,,,,,,,,,,,,,,,,,0,,,0,,G,,,,,
Appendix 134,Appendix,134,,,,,,Kellő bizonyíték nélkül feltételezett kiadás,,,,,Calendarivm… MDCXXX. évre.,Nagyszombat,1629,,,,,,,,,,,,,,,,,,,0,,,0,,G,,,,,
Appendix 135,Appendix,135,,,,,,Tévesen feltételezett nyomtatvány,,,,"Weidenfeld, Adam",Fortitudo athletarum Christi.,Tyrnaviae,1629,,,,,,,,,,,,,,,,,,,0,,,0,,W,,,,,
Appendix 136,Appendix,136,,,,,,Külföldi nyomtatvány,,,"Comenius, Joannes Amos","Komenský, Jan Amos",Trawren über Trawren vnd Trost über Trost.,Bresburg,1629,,,,,,,,,,,,,,,,,,,0,,,0,,G,,,,,
Appendix 137,Appendix,137,,,,,,Külföldi nyomtatvány,,,,,"Vom gezwungenen Ayde ist Gott laidt. Ein trewhertzige Erinnerung an alle arme, verscheuchte vnd in Glaubenssachen irrgemachte Christen im Reich vnd allenthalben …Aus hertzlichem Mitleyden gestelt im Jahr 1627. durch etlich fromme exulirende Christen…",Erstlich gedruckt zu Breßburg,MDCXXIX.,,,,,,,,,,,,,,,,,,,0,,,0,,G,,,,,
Appendix 138,Appendix,138,,,,,,Külföldi nyomtatvány,,,,"Martinius z Dražova, Samuel","Modlitby též přemyšlování svaté, pannám a panim, vdovám a sirotkům i jiným k potěšeni.",W Žilinie,1629,,,,,,,,,,,,,,,,,,,0,,,0,,G,,,,,
Appendix 139,Appendix,139,,,,,,Kellő bizonyíték nélkül feltételezett kiadás,,,,,In exequiis defunctorum…,Kolozsvár,ante 1631.,,,,,,,,,,,,,,,,,,,0,,,0,,G,,,,,
Appendix 140,Appendix,140,,,,,,1635 utáni nyomtatvány,,,,Kolosi Török István,"Az aszszonyi nemnek nemességéröl, méltóságáról és dicsiretiröl való rythmusok.",Colosvár,1630,,,,,,,,,,,,,,,,,,,0,,,0,,W,RMNY 2143,,,,
Appendix 141,Appendix,141,,,,,,1635 utáni nyomtatvány,Lőcse,,,Huszti Péter,"Aeneis, az az az troiai hertzeg dolgai…",Lőcse,cr. 1630,Brewer nyomda,Brewer.,,,,,,,,,,,,,,,,,0,,,0,,G,Nem találtam meg a későbbi RMNY kötetekben.,,,,
Appendix 142,Appendix,142,,,,,,Külföldi nyomtatvány,,,,,Articuli dominorum… statuum et ordinum regni Hungariae… in generali eorum conventu… anno domini millesimo sexcentesimo tricesimo indicto Posoniique celebrato conclusi.,Posonii,1630,,,,,,,,,,,,,,,,,,,0,,,0,,G,,,,,
Appendix 143,Appendix,143,,,,,,Külföldi nyomtatvány,,,,,Wunderbarliche Prophezeihung und Weissagung eines siebenb. Propheten.,Gedruckt zu Hermanstadt,1630,,,,,,,,,,,,,,,,,,,0,,,0,,G,,,,,
Appendix 144,Appendix,144,,,,,,Külföldi nyomtatvány,Lőcse,,,"Urlsperger, Johann","Certa salus Deus est, gloria certa piis. Christliche Leich-Predigt bey der Beerdigung… Annae gebohrener Stirwitzin… Andreae Schröters der röm. Kay. Müntzmaisters… gewesenen Hauss Frauen etc. gehalten zu Crembnitz 1631 durch M. Christianum Seelman Pfarrherr.",Leutschau,1631,,,,,,,,,,,,,,,,,,,0,,,0,,G,,,,,
Appendix 145,Appendix,145,,,,,,Külföldi nyomtatvány,,,,,"Catholischer Kriegs-Raht de tempore, oder Schreiben eines vornemen catholischen Rahts, nach der leiptzigischen Schlacht, an ihre päpstl. Heiligkeit ergangen, darinnen consultirt wird, was ihre päpstlichen Heiligkeit bey jetzigem gefährlichen Kriegswesen zu thun.",Gedruckt zu Preßburg,1631,,,,,,,,,,,,,,,,,,,0,,,0,,G,,,,,
Appendix 146,Appendix,146,,,,,,Külföldi nyomtatvány,,,,,"Erschröckliche Zeitung von dreyhundert Mordbrennen, welchen ein Wascha zu Offen vor seinem Todt, etlich tausent Ducaten verschafft, in Teutschland, als Schlesien, Mährn, Oesterreich, sonderlich ins Reich aussgesand, alles in Brant zu stecken… Darbey ein schön geistlich Lied…",Gedruck erstlich zu Preßburg,1631,,,,,,,,,,,,,,,,,,,0,,,0,,G,,,,,
Appendix 147,Appendix,147,,,,,,1637-38. évi nyomtatvány része,,,,"Wolfius, Adam","Epitaphium Susannae Kanischinianae vulgo Romenetzianae, seu concio in eius funere ex Genes. 23,1",Trenchinii.,1632,,,,,,,,,,,,,,,,,,,0,,,0,,W,RMNY 1754,,,,
Appendix 148,Appendix,148,,,,,,1700 utáni mű,,,,,Temető kert.,S. 1.,post 1631.,,,,,,,,,,,,,,,,,,,0,,,0,,W,,,,,
Appendix 149,Appendix,149,,,,,,1635 utáni nyomtatvány,,,,"Bayly, Lewis","Praxis pietatis, to gest knjžky o cwičenj se w prawe pobožnosti.",Druhý djl. Levoča,1633,,,,,,,,,,,,,,,,,,,0,,,0,,W,RMNY 1702,,,,
Appendix 150,Appendix,150,,,,,,1635 utáni nyomtatvány,,,,,Canones ecclesiastici in quinque classes distributi… editi communi suffragio ministrorum Dei in synodo Comjathina congregatorum. Recusi et Ungarica translatione donati…,Varadini,MDCXXXIII.,Szenci Kertész Ábrahám nyomdája,apud Abrahamum Kertész Szencziensem,,,,,,,,,,,,,,,,,0,,,0,,W,RMNY 1975,,,,
Appendix 151,Appendix,151,,,,,,Kellő bizonyíték nélkül feltételezett kiadás,,,,"Canisius, Petrus",Abekavica i keršćanski nauk.,V Trnavi,1634,,,,,,,,,,,,,,,,,,,0,,,0,,G,,,,,
Appendix 152,Appendix,152,,,,,,1641. évi nyomtatvány,,,"Alsted, Johann Heinrich","Alsted, Johann Heinrich",Prodromvs religionis triumphalis…,Albae-Iuliae,1635,,,,,,,,,,,,,,,,,,,0,,,0,,W,RMNY 1877,,,,
Appendix 153,Appendix,153,,,,,,Külföldi nyomtatvány,,,,,Calendarium… anni 1636 Davidis Frölichi.,Cassoviae,1635,,,,,,,,,,,,,,,,,,,0,,,0,,G,,,,,
Appendix 154,Appendix,154,,,,,,1635 utáni nyomtatvány,,,,"Třanovský, Jiřík",Cithara sanctorum. Pjsně duchownj staré y nowé…,W Lewoči,1635,Brewer nyomda,Brewer.,,,,,,,,,,,,,,,,,0,,,0,,W,RMNY 1655,,,,
Appendix 155,Appendix,155,,,,,,Külföldi nyomtatvány,,,,,"Articuli dominorum… statuum et ordinum regni Hungariae… in generali eorum conventu ad festum Sancti Andreae apostoli, anno Domini millesimo sexcentesimo tricesimo quarto indicto Soproniique celebrato conclusi.",In Hungaria,1635,,,,,,,,,,,,,,,,,,,0,,,0,,G,,,,,
Appendix 156,Appendix,156,,,,,,Külföldi nyomtatvány,,,,"Wegelin, M. Josua","Hand- Land- und -Stand-Büchlein auff alle Zeit, Morgens vnd Abends...",Preszburg,1636,,,,,,,,,,,,,,,,,,,0,,,0,,G,,,,,
Appendix 157,Appendix,157,,,,,,Külföldi nyomtatvány,,,,"Trajan, Adam",Exilium.,Trenchinii,circa 1636.,,,,,,,,,,,,,,,,,latin,,0,,,0,,G,,,,,
Appendix 158,Appendix,158,,,,,,1660 körül megjelent nyomtatvány,,,,,Balassi Bálint és Rimay János istenes énekei.,Bártfa,1635–1640,Klöss nyomda,Klösz.,,,,,,,,,,,,,,,magyar,,0,,,0,,W,RMNY 2890,,,,
Appendix 159,Appendix,159,,,,,,Külföldi nyomtatvány,,,,"Berger, Elias",Symbolum sacrvm et avgvstvm decem reginarum Hungariae... Mariae imperatricis Romanae reginae Hungariae et Bohemiae... coronationi dicatum consecratumque avthore Elia Perger.,,Anno Domini MDCXXXVII.,,,,,,,,,,,,,,,,,latin,,0,,,0,,G,,,,,
Appendix 160,Appendix,160,,,,,,Külföldi nyomtatvány,,,,,"Articuli dominorum... statuum et ordinum regni Hungariae... in generali eorum conventu ad festum sancti Matthaei evangelistae anno Domini millesimo sexcentesimo tricesimo septimo indicto, Posoniique celebrato conclusi.",Posonii,1638,,,,,,,,,,,,,,,,,latin,,0,,,0,,G,,,,,
Appendix 161,Appendix,161,,,,,,Külföldi nyomtatvány,,,,,Wir Ferdinand der Dritte... dem einquartierten Kriegsvolck... Verpfleg und Unterhaltungs Ordinantz.,Pressburg,1638,,,,,,,,,,,,,,,,,,,0,,,0,,G,,,,,
Appendix 162,Appendix,162,,,,,,Külföldi nyomtatvány,,,,"Pelargus, Wenceslaus",Perquam vetustissimae et in Orbe Czechico omnium primae... liberorum baronum a Lippa prosapiae genealogia ex... Vencesilao Hagecio de Liboczan prognata et heroico carminis genere tenui filo et stilo a Wencesilao Pelargo Lydomerziceno Bohemo delineata.,Trenchinij,1638,,,,,,,,,,,,,,,,,latin,,0,,,0,,G,,,,,
Appendix 163,Appendix,163,,,,,,1670 után megjelent nyomtatvány,,,"Alsted, Johann Heinrich","Alsted, Johann Heinrich",Rudimenta linguae Latinae in usum scholae Albensis.,S. l. ante,1640,,,,,,,,,,,,,,,,,magyar # - latin,,0,,,0,,W,RMNY 3537,,,,
Appendix 164,Appendix,164,,,,,,Külföldi nyomtatvány,,,,,Paraclisul precistei.,Bălgrad,1639,,,,,,,,,,,,,,,,,,,0,,,0,,G,,,,,
Appendix 165,Appendix,165,,x,,,,Kellő bizonyíték nélkül feltételezett nyomtatvány,,,,Ford. Kis Imre.,Ford. Kis Imre.,Gyulafehérvár,1640,,,,,,,,,,,,,,,,,magyar,,0,,,0,,G,,,,,
Appendix 166,Appendix,166,,,,,,Tévesen feltételezett nyomtatvány,,,,Silvestru Transilvanul,Psaltirea.,Bălgrad,1640,,,,,,,,,,,,,,,,,,,0,,,0,,W,,,,,
Appendix 167,Appendix,167,,x,,,,Tévesen feltételezett kiadás,,,,Szenci Molnár Albert,Lexicon Latino-Graeco-Hungaricum.,Hanau,1640,,,,,,,,,,,,,,,,,magyar # - latin # - görög,,0,,,0,,W,,,,,
Appendix 168,Appendix,168,,,,,,1630 körüli nyomtatvány,Lőcse,,,Hunyadi Ferenc,"Historia az reghi es hires neves Troia varossanak, tíz esztendeig valo meg szallasarol es rettenetes veszedelmeröl.",Lőcse,"1640 körül,",Brewer nyomda,Brewer.,,,,,,,,,,,,,,,magyar,,0,,,0,,W,RMNY 1555 A,,,,
Appendix 169,Appendix,169,,,,,,Külföldi nyomtatvány,Lőcse,,,"Wegelin, Josua","Domvs Domini renovata, ssae Trinitati dedicata et evangelicorum more inaugurata Posonii Hvngarorum! Das Preßburgische Gottes-Hauss der Evangelischen Teutschen Kirchen vnd Gemein daselbst... vnd... der Evangelischen Weise nach bezogen vor dem Heiligen Weihnacht Fest, als man zehlete nach den ersten Weihnacht Tagen Tausent Sechshundert acht vnd dreyssig Jahr.",[Leutschau],1640,,,,,,,,,,,,,,,,,,,0,,,0,,G,,,,,
Appendix 170,Appendix,170,,,,,,Külföldi nyomtatvány,Lőcse,,,"Wegelin, Josua","Sermo dedicationis. An vnd Einzugs-Predigt in dem ernewerten Hause Gottes der Evangelischen Kirchen zu Preßburg. Gehalten von m. Josua Wegelin, derselben Kirchen damals Pfarrern, wie auch deren und der benachbarten Kirchen Seniorn.",[Leutschau],MDCXL.,,,,,,,,,,,,,,,,,,,0,,,0,,G,,,,,
Appendix 171,Appendix,171,,,,,,Kellő bizonyíték nélkül feltételezett kiadás,,,,,Speculum passionis domini.,Posonii,1640,,,,,,,,,,,,,,,,,latin,,0,,,0,,G,,,,,
Appendix 172,Appendix,172,Vacat!,,,,,,,,,,,,,,,,,,,,,,,,,,,,,,,0,,,0,,,,,,,
Appendix 173,Appendix,173,,,,,,Koholt kiadás,,,,Kecskeméti Miklós,"Angyalok éneke, az az az igaz meg nem szeplösitett vallásnak öröme a keresztyén ember szivében, mellyet irtt a Szent Irásnak mondásaiból nagy szorgalommal Kecskeméthi Miklós N. V. T. Nyomtatt. – buzgó lelkek költségén.",Nagy Váradon,1640,,,,,,,,,,,,,,,,,magyar,,0,,,0,,W,,,,,
Appendix 174,Appendix,174,,,,,,1669 után megjelent nyomtatvány,,,"Alsted, Johann Heinrich","Alsted, Johann Heinrich",Rudimenta linguae Latinae in usum scholae Albensis.,S. l. ante,1640,,,,,,,,,,,,,,,,,,,0,,,0,,W,RMNY 3537,,,,
Appendix 175,Appendix,175,,,,,,Külföldi nyomtatvány,,,,"Eslinger, Jacobus","Vita et mors viri... dn. m. Josuae Wegelini, ecclesiae Posoniensis inferioris Hungariae pastoris, ... senioris et scholarchae... brevi oratione descripta et publice in gymnasio Posoniensi recitata a Jacobo Eslingero... MDCXXXX. Nunc vero typis exscribebatur anno MDCXXXXI.",,,,,,,,,,,,,,,,,,,latin,,0,,,0,,G,,,,,
Appendix 176,Appendix,176,,,,,,Külföldi nyomtatvány,Lőcse,,,"Scalinioli, Andreas",Missionarius apostolicus.,Leutschoviae,1641,,,,,,,,,,,,,,,,,latin,,0,,,0,,G,,,,,
Appendix 177,Appendix,177,,x,,,,Tévesen feltételezett kiadás,,,,Hajnal Mátyás,"Jésus szent szíve képekkel, énekekkel s imádságokkal.",Bécs,1644,,,,,,,,,,,,,,,,,magyar,,0,,,0,,W,,,,,
Appendix 178,Appendix,178,,,,,,"Külföldi, nem magyar nyelvű nyomtatvány",,,,,Kalendáriom.,Krakkó,1645,,,,,,,,,,,,,,,,,latin,,0,,,0,,G,,,,,
Appendix 179,Appendix,179,,x,,,,Kellő bizonyíték nélkül feltételezett kiadás,,,,,"Articuli dominorum regnicolarum trium nationum regni Transylvaniae et partium Hungariae eidem annexarum in generalibus eorum comitiis Albae Iuliae ad diem decimum primum mensis Martii anni Domini millesimi sexcentesimi quadragesimi sexti indictis, celebratis conclusi.",Kolozsvár,1646,Heltai nyomda,Abrugi.,,,,,,,,,,,,,,,magyar,,0,,,0,,G,,,,,
Appendix 180,Appendix,180,,,,,,Külföldi nyomtatvány,Lőcse,,,"Frölich, David",Loci communes poetici.,Leutschoviae,1646,,,,,,,,,,,,,,,,,latin,,0,,,0,,G,,,,,
Appendix 181,Appendix,181,,,,,,Külföldi nyomtatvány,,,,,Apologia illustrissimi principis Transylvaniae pro iusta belli suscepti causa anno 1646.,(Pozsony),1646,,,,,,,,,,,,,,,,,latin,,0,,,0,,G,,,,,
Appendix 182,Appendix,182,,,,,,Külföldi nyomtatvány,,,,"Wiedemann, Elias",Comitium gloriae centum qva sangvine qva virtvte illustrium herovm iconibus instrvctvm et... Ioanni Christophoro com. a Pvchaim... dicatum.,(Posonii),1646,,,,,,,,,,,,,,,,,latin,,0,,,0,,G,,,,,
Appendix 183,Appendix,183,,,,,,Külföldi nyomtatvány,,,,"Kläger, Justus (pseud.)",Beschreibung der geistlosen Geistlichen.,Hermannstadt,1646,,,,,,,,,,,,,,,,,,,0,,,0,,G,,,,,
Appendix 184,Appendix,184,,,,,,Külföldi nyomtatvány,,,,"Kläger, Justus (pseud.)",Beschreibung des ietzigen unlautern Luthertums oder Babel und Sodoma.,Hermannstadt,1646,,,,,,,,,,,,,,,,,,,0,,,0,,G,,,,,
Appendix 185,Appendix,185,,,,,,Külföldi nyomtatvány,,,,"Kläger, Justus (pseud)","Nabals haus, oder haushaltung der Nabals-Brüder.",Hermannstadt,1646,,,,,,,,,,,,,,,,,,,0,,,0,,G,,,,,
Appendix 186,Appendix,186,,,,,,Külföldi nyomtatvány,,,,"Kläger, Justus (pseud.)","Satans synagoga, oder Beschreibung Lutherischer hoher und niederer Schulen.",Hermannstadt,1646,,,,,,,,,,,,,,,,,,,0,,,0,,G,,,,,
Appendix 187,Appendix,187,,,,,,Külföldi nyomtatvány,,,,"Kläger, Justus (pseud)",Ungeistliches Disputirgeschwätz.,Hermannstadt,1646,,,,,,,,,,,,,,,,,,,0,,,0,,G,,,,,
Appendix 188,Appendix,188,,,,,,Nem magyar nyelvű külföldi nyomtatvány,,,,Lippay Ferenc,"Telegdi János kalocsai érsek fölött tartott gyászbeszéd, melyet a pozsonyi rendek előtt mondott a Sz. Ferencziek templomában.",Bécs,1647,,,,,,,,,,,,,,,,,latin,,0,,,0,,G,,,,,
Appendix 189,Appendix,189,,,,,,1674. évi nyomtatvány,,,,,Halotti beszéd Bocskai Ferenc felett.,Debrecen,1647,,,,,,,,,,,,,,,,,magyar,,0,,,0,,W,RMNY 3948,,,,
Appendix 190,Appendix,190,,,,,,Külföldi nyomtatvány,,,,,"Articuli dominorum ...statuum et ordinum regni Hungariae ... in generali eorum conventu, primum quidem ad festum sanctorum Philippi et Jacobi apostolorum indicto, ac tandem ad festum sancti Bartholomaei apostoli prorogato, anno Domini millesimo sexcentesimo quadragesimo sexto [!] Posoniique celebrato, conclusi.",Posonii,1647,,,,,,,,,,,,,,,,,latin,,0,,,0,,G,,,,,
Appendix 191,Appendix,191,,,,,,Kéziratos mű,,,,Gracza Joannes,Quaestio theologica. Quis ut Deus? Quam... in gymnasio Novisolen. Praeside m. Johanne Gracza Briz. Pan. p. t. rectore ibid. publice discutiendam proponet Paulus Bellobradenus gymnas. alumnus anno MDCXLVII. die 22 mensis Octob.,Trenchinii,1647,,,,,,,,,,,,,,,,,latin,,0,,,0,,G,,,,,
Appendix 192,Appendix,192,,x,,,,Tévesen azonosított kiadás,,,,,Az keresztyeni tudománnak rövid sommában kötöt fundamentuma.,Várad,1648–1649.,,,,,,,,,,,,,,,,,magyar,,0,,,0,,W,,,,,
Appendix 193,Appendix,193,,,,,,Tévesen feltételezett kiadás,,,,,Psaltir.,Bălgrad,1649,,,,,,,,,,,,,,,,,,,0,,,0,,W,,,,,
Appendix 194,Appendix,194,,,,,,Tévesen feltételezett kiadás,,,"Comenius, Joannes Amos","Comenius, Joannes Amos",Januae linguarum reseratae vestibulum.,Cassoviae,1649,,,,,,,,,,,,,,,,,latin,,0,,,0,,W,,,,,
Appendix 195,Appendix,195,,,x,,,Tévesen leírt nyomtatvány,Lőcse,,,"Püschel, Alexander","Doppelte Aria als wohl-edle, ehrenbeste vnd wohlgelehrte pudicissimaeque virginis Margaretae Milleterin, filiae prvdentiss. ac circvmspecti viri dn. Georgii Milleteri, p. t. comitis XIII. oppidorum reg. gravissimi sponsae debitae observantiae ergo a discipulis consecrata.",Levoča,1649,,,,,,,,,,,,,,,,,,,0,,,0,,W,,,,,
Appendix 196,Appendix,196,,,,,,Külföldi nyomtatvány,,,,,Articuli dominorum... statuum et ordinum regni Hungariae... in generali eorundem diaeta pro festo conversionis beati Pauli apostoli in anno Domini millesimo sexcentesimo quadragesimo nono Posonij celebrata conclusi.,[Posonii],1649,,,,,,,,,,,,,,,,,latin,,0,,,0,,G,,,,,
Appendix 197,Appendix,197,,,,,,Kellő bizonyíték nélkül feltételezett kiadás,,,"Comenius, Joannes Amos","Comenius, Joannes Amos",Januae linguarum Comenianae vestibulum... cum versione... Bohemica et Germanica...,Trenchinii,1649,,,,,,,,,,,,,,,,,latin # - német,,0,,,0,,G,,,,,
Appendix 198,Appendix,198,,,,,,Külföldi nyomtatvány,Lőcse,,,"Lagus, Jakob – Schubert, Johann",: Klaggespräch zwischen dem... Herrn Vattern seeligen und seinen hinterlassenen Kindern..),[Leutschoviae],MDCL.,,,,,,,,,,,,,,,,,latin # - német,,0,,,0,,G,,,,,
Appendix 199,Appendix,199,,,,,,Külföldi nyomtatvány,Lőcse,,,"Neuheller, Johann Jakob",Christliche Leichpredigt bey... Begräbniss des... Pauli Schuberti...,[Leutschau],1650,,,,,,,,,,,,,,,,,,,0,,,0,,G,,,,,
Appendix 200,Appendix,200,,,,,,1655 utáni nyomtatvány,Lőcse,,,"Zabeler, Hiob",Amaris [amoris?] illibati fideique conjugalis hieroglyphicum par columbarum candorem conjugii.. epithalamion.,Leutschoviae,1650,,,,,,,,,,,,,,,,,latin,,0,,,0,,W,RMNY 3166,,,,
Appendix 200A,Appendix,200,A,,,,,Kéziratos mű,,,,Aszalai István,Index seu compendium operis Tripartiti et generalis decreti constitutionumque inclyti regni Hungariae decretorum.,Tirnaviae,1650,,,,,,,,,,,,,,,,,latin,,0,,,0,,G,,,,,
Appendix 201,Appendix,201,,,,,,1700 utáni nyomtatvány,,,,,Kalendárium az 1651. esztendőre.,Nagyszombat,1650,,,,,16,16°,,,,,,,,,,,magyar,,0,,,0,,W,,,,,
Appendix 202,Appendix,202,,,,,,Kellő bizonyíték nélkül feltételezett nyomtatvány,,,,Nógrádi Mátyás,Florilegium.,S. l. ante,1651,,,,,,,,,,,,,,,,,latin,,0,,,0,,G,,,,,
Appendix 203,Appendix,203,,,,,,Külföldi nyomtatvány,,,,,Ordinari Reichs Zeittungen.,,Anno 1650.,,,,,,,,,,,,,,,,,,,0,,,0,,G,,,,,
Appendix 204,Appendix,204,,,,,,"Külföldi, nem magyar nyelvű nyomtatvány",,,,,Kalendáriom.,Krakkó,1651,,,,,,,,,,,,,,,,,,,0,,,0,,G,,,,,
Appendix 205,Appendix,205,,,,,,1700 utáni nyomtatvány,,,,,Nova stella Ungariae. Ung. P. Paulini Satvariensis [!],Tyrnaviae,1651,,,,,4,4°,,,,,,,,,,,magyar,,0,,,0,,W,,,,,
Appendix 206,Appendix,206,,,,,,Tévesen feltételezett nyomtatvány,,,"Comenius, Joannes Amos","Comenius, Joannes Amos",Ad fratres presbyterianos.,Patakini,1651,,,,,,,,,,,,,,,,,latin,,0,,,0,,W,,,,,
Appendix 207,Appendix,207,,,,,,Kellő bizonyíték nélkül feltételezett kiadás,,,"Comenius, Joannes Amos","Comenius, Joannes Amos","Schola pansophica, hoc est universalis sapientiae officina ab annis aliqvot ubiubigentium erigi optata, nunc autem auspiciis... Sigismundi Racoci... Saros-Pataki Hungarorum feliciter erigenda anno... MDCLI.",Patak,1651,,,,,,,,,,,,,,,,,latin,,0,,,0,,G,,,,,
Appendix 208,Appendix,208,,,,,,Külföldi nyomtatvány,,,,"Wolphius, Joannes",Pannonia perorata panegyrice... praededicataque... Georgio Szelepcheny prothoepiscopo... per Iohannem Wolphivm...,[Tyrnaviae],1652,,,,,,,,,,,,,,,,,latin,,0,,,0,,G,,,,,
Appendix 209,Appendix,209,,,,,,Tévesen feltételezett nyomtatvány,,,"Comenius, Joannes Amos","Comenius, Joannes Amos",Leges bene ordinatae scholae.,Patakini,1653,,,,,8,in 8°,,,,,,,,,,,latin,,0,,,0,,W,,,,,
Appendix 210,Appendix,210,Vacat!,,,,,,,,,,,,,,,,,,,,,,,,,,,,,,,0,,,0,,,,,,,
Appendix 211,Appendix,211,,,,,,1655 utáni nyomtatvány,,,,Komáromi Csipkés György,"Disputatio theologica de bis-mortuis, quam.., praeside... Georgio C. Comarino... defendet Gregorius P. Sz. Mihalyi",Varadini,1654,,,,,,,,,,,,,,,,,latin,,0,,,0,,W,RMNY 2677,,,,
Appendix 212,Appendix,212,,,,,,Kellő bizonyíték nélkül feltételezett kiadás,,,,"Basire, Isaac",Disputatio theologica inauguralis.,Albae Juliae,1655,,typ. principis.,,,,,,,,,,,,,,,latin,,0,,,0,,G,,,,,
Appendix 213,Appendix,213,,,,,,1655 utáni nyomtatvány,,,,Balassi Bálint – Rimay János,Istenes énekek.,Kassa,1655,,,,,,,,,,,,,,,,,magyar,,0,,,0,,W,RMNY 3197,,,,
Appendix 214,Appendix,214,,,,,,1700 utáni nyomtatvány,,,,,Tripartitum juris Hungarici tyrocinium.,Tyrnaviae,1655,,,,,,,,,,,,,,,,,latin,,0,,,0,,W,,,,,
Appendix 215,Appendix,215,,,,,,Külföldi nyomtatvány,,,,,"Articuli dominorum... statuum et ordinum regni Hungariae... in generali eorum conventu ad terminum suprascriptum anno Domini millesimo sexcentesimo quinquagesimo quinto indicto, Posonijque celebrato conclusi",Posonii,1655,,,,,,,,,,,,,,,,,latin,,0,,,0,,G,,,,,
Appendix 216,Appendix,216,,1,"Gerhard, Johann: Medicina animae! Lekarstwy Krestanské Dusse; Aneb Sacrae Meditationes Swaté Premýsslowanij z Pisma So zebrane, a ... wydane od Doctora Jána Gerharda; Z latinskeho pak yaziku na slowenský preložene kspasitedlnemu užytku slowakom a cžechom skrz Kneze Ondrege Lucae, na ten èas kazatele Cirkwe Prosecke w Liptowe Leta Pane: MDCLVII.",,,,,,,,,,,,,,0,,,0,,,,,,,,,,,,,,,,,,,,,,
Appendix 217,Appendix,217,,1,"Böhm, Christoph: Beantwortung der unchristlichen und mehr den heydnischen doch sehr gemeinen Frage, woher ich gewiß sey, daß heutige Bibel, oder Heilige Schrifft von Gott? ... auffgesetzt von m. Christoff Böhmen, Symmyste der Evangelischen Kirchen in Preßburg. Erstlich gedruckt zu Trentschin, Nicodem Zeißel.",,,,,,,,,,,,,,0,,,0,,,,,,,,,,,,,,,,,,,,,,
Appendix 218,Appendix,218,,1,"Enyedi Fazekas János: Mennyei szó, vagy a’ lelki álomból-való fel-serkentés. Váradon 1657. 8r.",,,,,,,,,,,,,,0,,,0,,,,,,,,,,,,,,,,,,,,,,
Appendix 219,Appendix,219,,1,Articuli Posonienes pro Anno 1657.,,,,,,,,,,,,,,0,,,0,,,,,,,,,,,,,,,,,,,,,,
Appendix 220,Appendix,220,,1,Nádasi János: Utitárs Azaz Reggel s Estve és egyéb üdõkben gyakorlandó Imádságok. Nagyszombat 1658. 12° 402 l.,,,,,,,,,,,,,,0,,,0,,,,,,,,,,,,,,,,,,,,,,
Appendix 221,Appendix,221,,1,Consolationes fi delium. Idiomate Hung. Parisiis [ante 1658],,,,,,,,,,,,,,0,,,0,,,,,,,,,,,,,,,,,,,,,,
Appendix 222,Appendix,222,,1,"Enyedi Fazekas János: Mennyei szó, vagy a lelki álomból való felserkenés. Váradon 1658. 8r.",,,,,,,,,,,,,,0,,,0,,,,,,,,,,,,,,,,,,,,,,
Appendix 223,Appendix,223,,1,"[Zimmermann, Matthias:] Theodori Althusii, Verbi Dei ministri história Eutychiana. Leutschoviae 1659.",,,,,,,,,,,,,,0,,,0,,,,,,,,,,,,,,,,,,,,,,
Appendix 224,Appendix,224,,1,"Statuta, constitutiones et decreta provinciae Sanctae Mariae Hvngariae ordinis minorum strictioris observantiae. [Tyrnaviae 1659 typ. Acad.].",,,,,,,,,,,,,,0,,,0,,,,,,,,,,,,,,,,,,,,,,
Appendix 225,Appendix,225,,1,"Articuli Posonien(ses) ... dominorum ... statuum et ordinum regni Hungariae ... in generali eorum conventu, pro die vigesima prima mensis Julij ... millesimo sexcentesimo quinquagesimo nono indicto, Posoniiq(ue) celebrato conclusi. Posonii 1659.",,,,,,,,,,,,,,0,,,0,,,,,,,,,,,,,,,,,,,,,,
Appendix 226,Appendix,226,,1,"Rehlin, Joannes: Fatum Austriacum sive ludi scenico-votivi pro salute ac felicitate ... caesaris Leopoldi, imperii Romani incremento, tranquillitatis publicae stabilimento, auspiciis divinis suscepti, ... plausu pvblico acti mense Januario a Thalia Poson. chorago, Joan. Rehlino, aa. ll. et phil. magistro. Anno MDCLIX.",,,,,,,,,,,,,,0,,,0,,,,,,,,,,,,,,,,,,,,,,
Appendix 227,Appendix,227,,1,"[Comenius, Joannes Amos:] Gentis felicitas, speculo exhibita iis, qui num felices sint, et quomodo ûeri possint, cognoscere velint, ad serenissimum Transylvaniae principem, Georgium Racoci. S. 1. et a.",,,,,,,,,,,,,,0,,,0,,,,,,,,,,,,,,,,,,,,,,
Appendix 228,Appendix,228,,1,Sárkány Jánosnak idegen tartományokban való utazásai. H. n. 1659. ny. n. 8°,,,,,,,,,,,,,,0,,,0,,,,,,,,,,,,,,,,,,,,,,
Appendix 229,Appendix,229,,1,"Ladiver, Eiias, iun.: De coena Domini. Bartphae cr. 1660.",,,,,,,,,,,,,,0,,,0,,,,,,,,,,,,,,,,,,,,,,
Appendix 230,Appendix,230,,1,"Felín, Ján: Ignis fatuus Nic. Drabicii. S. 1. 1660.",,,,,,,,,,,,,,0,,,0,,,,,,,,,,,,,,,,,,,,,,
Appendix 231,Appendix,231,,1,Julius Tsászárnak munkái magyarúl. S. l. ante 1660 sine typ. nomine.,,,,,,,,,,,,,,0,,,0,,,,,,,,,,,,,,,,,,,,,,
Appendix 232,Appendix,232,,1,Püspöki János: Az keresztyénség védoszlopának megdülése... Debrecen 1661.,,,,,,,,,,,,,,0,,,0,,,,,,,,,,,,,,,,,,,,,,
Appendix 233,Appendix,233,,1,"Propemptica abeunti ex gymnasio Semproniensium ... m. Christiano Seelmanno, ejusdem gymn. per annos quasi duodecim hactenus rectori ... nunc autem ecciesiae in ... Cremnicio, montanarum Hungáriáé metropoli pastori primario et scholae inspectori legitimé vocato, seripta festõ S. Lvciae ... 1661. a patronis, fautoribus, amicis et collegis. [Leutschau] (1661).",,,,,,,,,,,,,,0,,,0,,,,,,,,,,,,,,,,,,,,,,
Appendix 233A,Appendix,233,,1,"Ladiver, Eiias, iun.: Institutiones philosophiae morális tractatibus quattuor absolutae. Bartphae 1662.",,,,,,,,,,,,,,0,,,0,,,,,,,,,,,,,,,,,,,,,,
Appendix 234,Appendix,234,,1,"Siderius János: Kisded gyermekeknek való catechismus, az az rövid kérdések és feleletek által való tanitas a' keresztyéni hitnek fö ágazatiról, melly irattatott Siderivs Ianos által, most pedig újobban e' szép formában ki-botsáttatott. Lötsen 1662 Sámuel Brewer.",,,,,,,,,,,,,,0,,,0,,,,,,,,,,,,,,,,,,,,,,
Appendix 235,Appendix,235,,1,"Articuli Posonien(ses) ... dominorum ... statuum et ordinum regni Hungáriáé ... in generáli ipsorum diaeta, pro die prima mensis Maij... millesimo sexcentesimo sexagesimo secundo indicta, Posoniique celebrata conclusi. Posonii 1662.",,,,,,,,,,,,,,0,,,0,,,,,,,,,,,,,,,,,,,,,,
Appendix 236,Appendix,236,,1,"Ariculi dominorum ... statuum et ordinum regni Hungáriáé ... in generáli ipsorum diaeta, pro die prima mensis Maij ... millesimo sexcentesimo sexagesimo secundo indicta, Posoniique celebrata conclusi. Posonii 1663.",,,,,,,,,,,,,,0,,,0,,,,,,,,,,,,,,,,,,,,,,
Appendix 237,Appendix,237,,1,Kéry János: Philosophia scholastica. Posonii 1663.,,,,,,,,,,,,,,0,,,0,,,,,,,,,,,,,,,,,,,,,,
Appendix 238,Appendix,238,,1,"Drabík, Mikulás: Regulae vitae Comenii cseh nyelven. H. n. 1655-1671.",,,,,,,,,,,,,,0,,,0,,,,,,,,,,,,,,,,,,,,,,
Appendix 239,Appendix,239,,1,Katolikus válasz Janus Philaletus Hydropolitanus (Pósaházi János?): Egy Pozsonyból repült huholó bagolynak megmellyesztése címû vitairatára. H. n. 1662-1664 között.,,,,,,,,,,,,,,0,,,0,,,,,,,,,,,,,,,,,,,,,,
Appendix 240,Appendix,240,,1,"Securius, Josephus: Vitairat Drabik Miklós ellen. H. n. cr. 1663.",,,,,,,,,,,,,,0,,,0,,,,,,,,,,,,,,,,,,,,,,
Appendix 241,Appendix,241,,1,"Veterinus, Paulus: Vitairat Drábik Miklós ellen. H. n. cr. 1663.",,,,,,,,,,,,,,0,,,0,,,,,,,,,,,,,,,,,,,,,,
Appendix 242,Appendix,242,,1,Libelius tradens regulas poeseos. Trenchen [ante 1664] sine typ. nomine.,,,,,,,,,,,,,,0,,,0,,,,,,,,,,,,,,,,,,,,,,
Appendix 243,Appendix,243,,1,"Comenius, Joannes Amos: Kazdodenni modlitby Krestanské pisem svatych od J. A. Kom. vzdelané u spremyslovanim ramúm a vecernim... V Prespurka u Jana Schauffa 1665.",,,,,,,,,,,,,,0,,,0,,,,,,,,,,,,,,,,,,,,,,
Appendix 244,Appendix,244,,1,Igazságnak áldozatja. Kolozsvár 1666.,,,,,,,,,,,,,,0,,,0,,,,,,,,,,,,,,,,,,,,,,
Appendix 245,Appendix,245,,1,,,,,,,,,,,,,,,0,,,0,,,,,,,,,,,,,,,,,,,,,,
Appendix 246,Appendix,246,,1,"Kéry János: Regentis imago sive oratio, habita in ... conventu Tallensi ordinis S. Pauli primi Eremitae a ... Joanne Kery, dicti ordinis secretario, ...cum tempore congregationis generális anno 1669. celebratae ... Nagyszombat 1669.",,,,,,,,,,,,,,0,,,0,,,,,,,,,,,,,,,,,,,,,,
Appendix 247,Appendix,247,,1,"Buzinkai Mihály: Compendii logici libri dvo, in quibus universa artis bene disserendi praecepta, methodo accurata et perspicua ita sunt disposita, ut tyro semestri spatio fundamenta logicae cum fructu jacere queat. Laboré et industria Michaelis Buzinkai, nuper paedagogiarchae Patakiensis concinnati. Ex officina S. Patach MDCLXVI Johannes Rosnyai.",,,,,,,,,,,,,,0,,,0,,,,,,,,,,,,,,,,,,,,,,
Appendix 248,Appendix,248,,1,"Pósaházi János: Sámbárnak Kisnek, s egyebeknek adott felelet. H. n. 1666.",,,,,,,,,,,,,,0,,,0,,,,,,,,,,,,,,,,,,,,,,
Appendix 249,Appendix,249,,1,Köleséri Pál: Keresztyénné... Debrecen 1667.,,,,,,,,,,,,,,0,,,0,,,,,,,,,,,,,,,,,,,,,,
Appendix 250,Appendix,250,,1,Refutatio quaest. Mathiae Sambar. Leutschoviae 1667.,,,,,,,,,,,,,,0,,,0,,,,,,,,,,,,,,,,,,,,,,
Appendix 251,Appendix,251,,1,"[1] Acta et decreta synodi dioecesanae Strigoniensis, authoritate ... domini Petri Pázmány archiepiscopi Strigoniensis ceiebratae Tyrnaviae anno Domini MDCXXIX. die IV. Octobris et sequentibus. Jussu ... Georgii Szelepchény, archi-episcopi Strigoniensis pro commoditate parochorum recusum. - [2] Synodi provinciális decreta, anno MDCXI. Tyrnaviae ceiebratae per ... Franciscum Forgách de Ghimes, ... Rituali Strigoniensi nunc primum annexa jussu ... Georgii Szelepchényi ... [Tyrnaviae] MDCLXVII.",,,,,,,,,,,,,,0,,,0,,,,,,,,,,,,,,,,,,,,,,
Appendix 252,Appendix,252,,1,"Pongrácz György: Aggratvlatio chronographica stilo simplici et cvrrenti facta vnice in signvm obligationis debitae, qva Clementi ... papae IX., Domviqve Avstriacae plene et vltro se adstrictvm agnovit Georgivs Pongratz, ecciesiae metropolitanae Strigoniensis lector et canonicvs, electvs Samandriensis Vngarvs. [Nagyszombat 1667.] 9 fol. - 2°",,,,,,,,,,,,,,0,,,0,,,,,,,,,,,,,,,,,,,,,,
Appendix 253,Appendix,253,,1,"Institoris, Michal: Phosphorus clarorum syderum illustris Iycei Kiloniensis. Solnae 1667.",,,,,,,,,,,,,,0,,,0,,,,,,,,,,,,,,,,,,,,,,
Appendix 254,Appendix,254,,1,"(Piscator, Ludovicus Philippus): Rudimenta oratoriae in usum illustris scholae Debreczinensis recenter excusa. Debreczini [1662-1675 Karancsi].",,,,,,,,,,,,,,0,,,0,,,,,,,,,,,,,,,,,,,,,,
Appendix 255,Appendix,255,,1,"(Piscator, Ludovicus Philippus): Rudimenta rhetoricae in usum illustris scholae Debreczinensis succincte tradita. Debreczini [1662-1675 Karancsi],",,,,,,,,,,,,,,0,,,0,,,,,,,,,,,,,,,,,,,,,,
Appendix 256,Appendix,256,,1,"Ramée, Pierre de La: Petri Rami Veromandui, regii professoris Dialecticae libri duó. Debrecini [1662-1675 Karancsi].",,,,,,,,,,,,,,0,,,0,,,,,,,,,,,,,,,,,,,,,,
Appendix 257,Appendix,257,,1,"Eladandó és veiendö müveknek és marháknak, kiknek a materiájok Erdélyben terem, qualificaltatott... limitatio. [Gyulafehérvár 1668.]",,,,,,,,,,,,,,0,,,0,,,,,,,,,,,,,,,,,,,,,,
Appendix 258,Appendix,258,,1,"Kis Imre: Az igaz hitre vezérlõ könyvecske, Jesuita Páter Kiss Imre által. Nagy-Szombatban anno 1668. Az Academiai bötükkel Srensky Mátyás által. 126 pag. 12°",,,,,,,,,,,,,,0,,,0,,,,,,,,,,,,,,,,,,,,,,
Appendix 259,Appendix,259,,1,"Buchholz, Georg: De diligentia praeceptorum et assiduitate discipulorum. Selmecbánya 1668.",,,,,,,,,,,,,,0,,,0,,,,,,,,,,,,,,,,,,,,,,
Appendix 260,Appendix,260,,1,Tarnoczi István: Amicitia usque ad mortem seu methodus adjuvandi in periculo mortis constitutos. Viennae 12. Claudiopoli 1669. 12.,,,,,,,,,,,,,,0,,,0,,,,,,,,,,,,,,,,,,,,,,
Appendix 261,Appendix,261,,1,De arte lexica. Tractatus in Illustri Athenaeo. Cibinii 1669 8°.,,,,,,,,,,,,,,0,,,0,,,,,,,,,,,,,,,,,,,,,,
Appendix 262,Appendix,262,,1,"Masník, Tobiáš: Iustifi catio peccatoris poenitentis coram ... Christo ..., quam certis thesibus comprehensam ... proponit hactenus rector scholae Szeniczen ... nunc vocatus Illaviensis Tobias Masnicius Nitrien., ad diem 17. Junii, horam 9., 10., 11 anni praesentis 1669, respondente Iohannes Bonecz Zolnens. Solnae 1669.",,,,,,,,,,,,,,0,,,0,,,,,,,,,,,,,,,,,,,,,,
Appendix 263,Appendix,263,,1,Gentis Bathoreae genealogia familiae de Pogan ex Archivo Kolos-Monostrensi. anno 1669. communicata. S.l. 1669.,,,,,,,,,,,,,,0,,,0,,,,,,,,,,,,,,,,,,,,,,
Appendix 264,Appendix,264,,1,Letenyei Pál: Az szent hitben való igaz oktatásnak szükségérõl es módjáról. Kolozsvár 1670.,,,,,,,,,,,,,,0,,,0,,,,,,,,,,,,,,,,,,,,,,
Appendix 265,Appendix,265,,1,"Decreta synodalia Dioecesis Strigoniensis ... jussu et authoritate ... Georgii Szelepczenyi, archiepiscopi Strigoniensis... L^reto 1670.",,,,,,,,,,,,,,0,,,0,,,,,,,,,,,,,,,,,,,,,,
Appendix 266,Appendix,266,,1,"Synodi provincialis decreta anno MDCXI. Tyrnaviae celebratae per ... Franciscum Forgach de Ghimes ... jussu et authoritate ... Georgii Szelepczényi, archiepiscopi Strigoniensis... Loreto 1670.",,,,,,,,,,,,,,0,,,0,,,,,,,,,,,,,,,,,,,,,,
Appendix 267,Appendix,267,,1,"Syllogismus demonstrativus, az-az üdvösséges okoskodás, melly által világosan megmutatik, hogy a Luther, és Calvinus vallása nem igaz, s-nem üdvösséges hit, hanem istentelen hamis, eretnek, és a Kristus közönséges Ecclesiájától kárhoztatott, s-átok alá vettetett vallás légyen. Nagyszombat cr. 1670.",,,,,,,,,,,,,,0,,,0,,,,,,,,,,,,,,,,,,,,,,
Appendix 268,Appendix,268,,1,"Nera, Daniel: Tessera amoris et obsequii viro ter reverendo ... domino ... Michaeli Pancratio... Cibinii 1670.",,,,,,,,,,,,,,0,,,0,,,,,,,,,,,,,,,,,,,,,,
Appendix 269,Appendix,269,,1,"Löbrynus Novomìstský, Daniel: Pohádky duchovní. Žilina 1670 Dádan.",,,,,,,,,,,,,,0,,,0,,,,,,,,,,,,,,,,,,,,,,
Appendix 270,Appendix,270,,1,Orationis Dominicae versiones ferme centum. S. l. [1670?] sine nom. typ.,,,,,,,,,,,,,,0,,,0,,,,,,,,,,,,,,,,,,,,,,
Appendix 272,Appendix,272,,1,"Fabricius, Joannes: Prosopopeia urbis Cass[ovi]ensis. Cassovia 1671.",,,,,,,,,,,,,,0,,,0,,,,,,,,,,,,,,,,,,,,,,
Appendix 273,Appendix,273,,1,Pósaházi János: Theses philosophicae de independente et dependente … Patakini 1671.,,,,,,,,,,,,,,0,,,0,,,,,,,,,,,,,,,,,,,,,,
Appendix 274,Appendix,274,,1,Sárossy János: De typo legis moralis ex dicto Jacobi IV. Bartphae 1672.,,,,,,,,,,,,,,0,,,0,,,,,,,,,,,,,,,,,,,,,,
Appendix 275,Appendix,275,,1,"Comenius, Joannes Amos: Januae linguae Latinae vestibulum, in usum illustris paedagogei Albensis Hungarice redditum. Kolozsvár 1673.",,,,,,,,,,,,,,0,,,0,,,,,,,,,,,,,,,,,,,,,,
Appendix 276,Appendix,276,,1,"Ceva, Tommaso: Iesus puer. Hoc est Poema Thomae Cevae S. J. de puero Jesu, Josepho I. Romanorum regi sacrum. Tyrnaviae 1673. 4°.",,,,,,,,,,,,,,0,,,0,,,,,,,,,,,,,,,,,,,,,,
Appendix 277,Appendix,277,,1,"Relatio apparatus Posoniensis, cum … Joannes Casparus … ex … familia de Ampringen oriundus, gubernator Regni Hungariae declararetur. Relation deß Verlauffs, wie … Johann Caspar … stammlich von dem … Geschlecht Ampringen, in Preßburg der Königl. Residentz-Statt in Vngarn empfangen vnd zum Gubernator erklärt vnd vorgestellt worden. Geschehen im Jahr 1673. [S. l. et a.]",,,,,,,,,,,,,,0,,,0,,,,,,,,,,,,,,,,,,,,,,
Appendix 278,Appendix,278,,1,Některé pěkné duchownj ewangelické pjsně k sláwě Božj k powzbuzenj pobožných srdcý z německého na slowenský gazik přeložené skrze Jana Sextiusa K.K.N. wlastnjm nákladem k wytisstěnj podané nalézagj se w Ssťáwnicy u Antoniusa Ernesta Kopp. [Žilina 1661–1673.],,,,,,,,,,,,,,0,,,0,,,,,,,,,,,,,,,,,,,,,,
Appendix 279,Appendix,279,,1,"[Kecskeméti János:] Nagy tüz kis szikraja. Loyola Szent Ignátz exercitiuma, az az a’ kereztyén léleknek istenes dólgokban maga gyakorlása Elfen Miklos jesuita irasibol. Bécsben 1674 után az felséges rom. czasz. könyvnyomtatója, Cosmerovius Mathénak Susanna Christina özvegye bötüivel.",,,,,,,,,,,,,,0,,,0,,,,,,,,,,,,,,,,,,,,,,
Appendix 280,Appendix,280,,1,Oratio Angelica id est: Divini amoris mensis angelicus. Tyrnaviae 1674 typ. Joan. Jac. Kürner. 12°,,,,,,,,,,,,,,0,,,0,,,,,,,,,,,,,,,,,,,,,,
Appendix 281,Appendix,281,,1,"Pázmány Péter: Reovid Felelet Ket Calvinista Keonyvecskere. Mellyeknek eggyke Okát adgya, miért nem felelnek az Calvinista Praedikátorok az Kalaúzra. Masika. Itinerarium Catholicumnak neveztetik. Nyomtatot [Nagyszombatban] Anno 1674.",,,,,,,,,,,,,,0,,,0,,,,,,,,,,,,,,,,,,,,,,
Appendix 282,Appendix,282,,1,"Kéry János: Theatrum sapientiae, sive oratio habita in conventu Tallensi ordinis S. Pauli primi eremitae a … Ioanne Kery ordinis praetacti priore generali …, cum per eundem anno MDCLXXIII. mense (…) die (…) quinque instituti ejusdem patres suprema doctoratus theologici laurea decorarentur. (Pozsony 1674.)",,,,,,,,,,,,,,0,,,0,,,,,,,,,,,,,,,,,,,,,,
Appendix 283,Appendix,283,,1,"Biga exulum m. Danielis Kleschii et Eliae Ladiveri, innocuorum et incruentorum Christi martyrum.",,,,,,,,,,,,,,0,,,0,,,,,,,,,,,,,,,,,,,,,,
Appendix 284,Appendix,284,,1,"Serpilius, Johann: Compendiosa delineatio totius juris canonici et civilis, in utroque tam allegandi quam abbreviationes legendi modum exhibens, in gratiam tyronum studii juris consignata a Johanne Serpilio juniore. [Leutschovia] 1675. – 12r.",,,,,,,,,,,,,,0,,,0,,,,,,,,,,,,,,,,,,,,,,
Appendix 285,Appendix,285,,1,"[Goodwin, Ignatius Jacobus:] Lapis Lydius, oder wahrer Streich- und Probstein der Zerspaltungen zwischen dennen Catholischen und Uncatholischen. [Tyrnau zwischen 1671–1679.]",,,,,,,,,,,,,,0,,,0,,,,,,,,,,,,,,,,,,,,,,
Appendix 286,Appendix,286,,1,"[Kellio, Nicolaus:] Extractus brevis et verus, quo candide demonstratur acatholicorum praedicantium e regno Hungariae proscriptio et degradatio facta esse respectu rebellionis, non autem religionis; eosdemque praedicantes non in genere, sed in specie convictos, judicatos ac legitime condemnatos esse. Dedicatus regio delegato judicio Posoniensi ab ejusdem inclyti judicij secretario, actorum singulorum conscio et ex officio omnibus praesenti, Tyrnaviae, mense Martio anno 1675.",,,,,,,,,,,,,,0,,,0,,,,,,,,,,,,,,,,,,,,,,
Appendix 287,Appendix,287,,1,"[Kellio, Nicolaus:] Kurtzer und warhaffter Berichts-Ausszug, womit unverholen und sonnenklar erwisen wird, dass die in Königreich Hungarn un-catholische Praedicanten nicht in Ansehen der Religion, sondern der Rebellion und Auffruhr wegen abgesetzt und dess Königreichs verwisen; auch nicht weniger ersterwendte Praedicanten nicht ins gesambt, sondern ein jeder insonderheit gerichtlich hier in Sachen überwisen, geurtheilet und rechtmässig verurtheilet worden, so einem hochlöbl. Delegirten Königlichen Gericht zu Prespurg zugeschriben und durch eben hochgedachten hoch löblichen Delegirten Gerichts-Secretarium, so Ambts wegen völligen Verlauff persöhnlich beygewohnet, auch alles vnd jedes selbst treulich in die Feder übernommen, verfasset worden. Gedruckt zu Türnau, im Monat Martio an. 1675.",,,,,,,,,,,,,,0,,,0,,,,,,,,,,,,,,,,,,,,,,
Appendix 288,Appendix,288,,1,"Kéry János: Aristoteles, magnus orbis philosophus oratorio charactere descriptus, sive oratio habita in … conventu Tallensi ordinis S. Pauli primi eremitae a … Joanne Kery praelibati ordinis priore generali …, cum plures ejusdem instituti fratres suprema laurea philosophiae laurea coronaret anno MDCLXXV. mense (…) die (…). (Pozsony 1675.)",,,,,,,,,,,,,,0,,,0,,,,,,,,,,,,,,,,,,,,,,
Appendix 289,Appendix,289,,1,"Kéry János: Praelati eruditio S. Spiritus de coelis effusus, sive oratio habita feriis Pentecostalibus in … conventu Tallensi ordinis S. Pauli primi eremitae pro deligendo ibidem in comitiis generalibus dicti ordinis priore generali a … Joanne Kery, ordinis ejusdem priore generali …, cum evoluto sexennio onerosum generalatus officium deponeret anno MDCLXXV. mense Junio die (…). (Pozsony 1675.)",,,,,,,,,,,,,,0,,,0,,,,,,,,,,,,,,,,,,,,,,
Appendix 290,Appendix,290,,1,Nad-sip az az a’ nádnak ditsiretére irott versek. Notája: Szentek seregében vigyázo szent pásztor. S. l. 1675. s. n.,,,,,,,,,,,,,,0,,,0,,,,,,,,,,,,,,,,,,,,,,
Appendix 291,Appendix,291,,1,Kajoni János: Aranyos ház. Csíksomlyó 1676?,,,,,,,,,,,,,,0,,,0,,,,,,,,,,,,,,,,,,,,,,
Appendix 292,Appendix,292,,1,"Köleséri Sámuel, sen.: Idvesség sarka. Debrecen 1676.",,,,,,,,,,,,,,0,,,0,,,,,,,,,,,,,,,,,,,,,,
Appendix 293,Appendix,293,,1,[Heltai Gáspár:] Poncianus császár historiája … Lőcse 1676.,,,,,,,,,,,,,,0,,,0,,,,,,,,,,,,,,,,,,,,,,
Appendix 294,Appendix,294,,1,"[Kellio, Nicolaus:] Extractus brevis et verus, quo candide demonstratur acatholicorum praedicantium e regno Hungariae proscriptionem et degradationem factam esse respectu rebellionis, non autem religionis, eosdemque praedicantes non in genere, sed in specie convictos, judicatos ac legitime esse condemnatos. Dedicatus Regio Delegato Judicio Posoniensi ab ejusdem inclyti Judicii secretario, actorum singulorum conscio, et ex officio omnibus praesenti, Tyrnaviae, mense Martio anno MDCXXLV. recusum. [S. l.] anno MDCLXXVI.",,,,,,,,,,,,,,0,,,0,,,,,,,,,,,,,,,,,,,,,,
Appendix 295,Appendix,295,,1,"Prognosis astrologica ex Martio-Saturnino cometa, observato Tyrnaviae anno currente 1661. a die 3 Februarij usque ad 17. ejusdem ab Astrophilo Academico ibidem, in qua ex erecto coeli themate ad primum concinnati phaenomeni conspectum et ab inductione viginti et amplius saeculorum demonstratur verum esse illud Claudiani: Nunquam terris spectatum impune cometen. Tyrnaviae 1676.",,,,,,,,,,,,,,0,,,0,,,,,,,,,,,,,,,,,,,,,,
Appendix 296,Appendix,296,,1,Wiennerischer Schreib-Calender vor das Jahr von Christi Geburth MDCLXXVIII. … Viennae apud Antonivm Weypert Bibliopol. Universitatis. Typis Academiae Tyrnaviensis. – 4°,,,,,,,,,,,,,,0,,,0,,,,,,,,,,,,,,,,,,,,,,
Appendix 297,Appendix,297,,1,C. I. A. P. (= Comes Ioannes Antonius Palffy) Michael Wetzel. S. l. 1674-1680. [1] fol.,,,,,,,,,,,,,,0,,,0,,,,,,,,,,,,,,,,,,,,,,
Appendix 298,Appendix,298,,1,"Religionsgespräch Johann. Theodati Simpliciani, alias Klibnitz, sive Biltzing und Gottlieb Christiani Nie-Simpliciani, sondern beständigen Lutherani gehalten auff der Reise nach Emaus Luc. 24. [S. l.] im Jahr Christi 1677.",,,,,,,,,,,,,,0,,,0,,,,,,,,,,,,,,,,,,,,,,
Appendix 299,Appendix,299,,1,Ceaslov. Blaj 1678?,,,,,,,,,,,,,,0,,,0,,,,,,,,,,,,,,,,,,,,,,
Appendix 300,Appendix,300,,1,Octoih. Blaj 1678?,,,,,,,,,,,,,,0,,,0,,,,,,,,,,,,,,,,,,,,,,
Appendix 301,Appendix,301,,1,"Calendarium olim Tyrnaviense nunc Viennense ad annvm … MDCLXXIX … tam in Austria, quam in Hungaria … supputatum opera Astrophili cujusdam e Soc. Iesu in Universitate Viennensi. [Tyrnaviae 1678.]",,,,,,,,,,,,,,0,,,0,,,,,,,,,,,,,,,,,,,,,,
Appendix 302,Appendix,302,,1,Tyrnauer Schreibcalender und Prognosis auf das Jahr 1679. [Tyrnaviae 1678.],,,,,,,,,,,,,,0,,,0,,,,,,,,,,,,,,,,,,,,,,
Appendix 303,Appendix,303,,1,Meghalni akaró embernek prédikátorával való beszélgetése. S. l. ante 1678.,,,,,,,,,,,,,,0,,,0,,,,,,,,,,,,,,,,,,,,,,
Appendix 304,Appendix,304,,1,"Historica relatio colloqvii Cassoviensis de judice controversiarum fidei, praeside r. p. Gabriele Jvul, Soc. Jesu, … academiae Cassoviensis cancellario et controversiarum fidei professore, respondente … Stephano Renyes Varadiensi (ante studioso Calvin.) ex convictu nobilium, habiti, cum dn. Elia Ladivero, rectore Bartphensi et m. Isaaco Zabanio, conr. Eperiensi anno MDCLXVI. die 25. Junii tota et 26. usque ad meridiem bona fide … a scriptoribus in actu disputationis excerpta et in Judicium Lutheran. ac Pontif. a confessore veritatis anno C. 1679. exhibita. (Claudiopoli 1679).",,,,,,,,,,,,,,0,,,0,,,,,,,,,,,,,,,,,,,,,,
Appendix 305,Appendix,305,,1,"Natus, Fabianus: Fabianus Natus redivivus, seu modesta solutio qvaestionis de fuga in persecutione, utrum pastores Bohemici recte fecerint, qvod ad mandatum Caesareum Praga excesserint, concionando deserentes oviculas suas? Apologetice conscripta … autore … m. Fabiano Nato, qvondam ecclesiaste Pragensi, dein exule Christi. Wittebergae anno 1624. excusa, recusa vero et appendice aucta, sic persecutione Hungarica urgente ac jubente. Christianopoli 1675.",,,,,,,,,,,,,,0,,,0,,,,,,,,,,,,,,,,,,,,,,
Appendix 306,Appendix,306,,1,"Arnu, Maximilianus: Secundum aetatis saeculum Tirnaviensis Apollinis, S. Francisci Xaverii, scholae poeseos patroni, a novem Musis Romanorum Pontificum novem elogiis celebratum. Tirnaviae 1679.",,,,,,,,,,,,,,0,,,0,,,,,,,,,,,,,,,,,,,,,,
Appendix 307,Appendix,307,,1,"Busenbaum, Herrmannus: Medulla theologiae moralis, facili ac perspicua methodo resolvens casus conscientiae … Tyrnaviae 1679 typ. acad.",,,,,,,,,,,,,,0,,,0,,,,,,,,,,,,,,,,,,,,,,
Appendix 308,Appendix,308,,1,Evangelia a epištoly. V Žilině 1679. 16°,,,,,,,,,,,,,,0,,,0,,,,,,,,,,,,,,,,,,,,,,
Appendix 309,Appendix,309,,1,Gebet und Gesangbuch … Cronstadt 1680. (Colophon: In Verlegung des Authoris gedruckt zu Kronstadt in der Hermannischen Druckerey durch Nicolaum Müllern anno 1680.),,,,,,,,,,,,,,0,,,0,,,,,,,,,,,,,,,,,,,,,,
Appendix 310,Appendix,310,,1,Kornéli János: Fragmenta historiae Hungariae ab anno 1663 usque ad an. 1678. deductae. Cassoviae 1680.,,,,,,,,,,,,,,0,,,0,,,,,,,,,,,,,,,,,,,,,,
Appendix 311,Appendix,311,,1,Buzinkai Mihály: Compendii logici libri dvo. Kolozsvár 1680.,,,,,,,,,,,,,,0,,,0,,,,,,,,,,,,,,,,,,,,,,
Appendix 312,Appendix,312,,1,Bukvar. Körtvélyes cr. 1680.,,,,,,,,,,,,,,0,,,0,,,,,,,,,,,,,,,,,,,,,,
Appendix 313,Appendix,313,,1,Pentecostarion. Körtvélyes cr. 1680.,,,,,,,,,,,,,,0,,,0,,,,,,,,,,,,,,,,,,,,,,
Appendix 314,Appendix,314,,1,"Peucker, Georgius: Carmen Lam. Rev. Andreas Sartorius ecclesiae Dei et aulae Cassensis annis 17.",,,,,,,,,,,,,,0,,,0,,,,,,,,,,,,,,,,,,,,,,
Appendix 315,Appendix,315,,1,"Calepinus, Ambrosius: Dictionarium undecim linguarum. Basileae 1681 sumptibus Quissoniorum.",,,,,,,,,,,,,,0,,,0,,,,,,,,,,,,,,,,,,,,,,
Appendix 316,Appendix,316,,1,"Balás Ágoston: Cantionale catholicum, avagy régi és uj deák és magyar áhitatos énekek. Csik 1681. 4r.",,,,,,,,,,,,,,0,,,0,,,,,,,,,,,,,,,,,,,,,,
Appendix 317,Appendix,317,,1,"Articuli dominorvm praelatorum, baronum, magnatvm et nobilium coeterorumq(ue) statuum et ordinum regni Hungariae etc. in generali eorum conventu anno MDCLXXXI Sopronii celebrato conclusi et ab ipsa sacra caesarea majestate ratificati et confirmati. Leutschoviae [1681] Samuelis Brewer.",,,,,,,,,,,,,,0,,,0,,,,,,,,,,,,,,,,,,,,,,
Appendix 318,Appendix,318,,1,Hungária virtvte Martis Avstriae svae vindicata libertati et Iosepho primo regi svo ivre volentibvsqve,,,,,,,,,,,,,,0,,,0,,,,,,,,,,,,,,,,,,,,,,
Appendix 319,Appendix,319,,1,"Kollonich, Leopold: Augustana et Antiaugustana Confessio. Deutsch verfasst. Tyrnau 1681.",,,,,,,,,,,,,,0,,,0,,,,,,,,,,,,,,,,,,,,,,
Appendix 320,Appendix,320,,1,"Pinelli, Lucas: De perfectione religiosa libri quatuor. Tyrnaviae 1681.",,,,,,,,,,,,,,0,,,0,,,,,,,,,,,,,,,,,,,,,,
Appendix 321,Appendix,321,,1,"Veritas toti mundo declarata sacram caesaream regiamque majestatem non obligari ad tolerandos in Ungaria Lutheranos et Calvinistas, authore primum … Georgio Barsony, … impugnata deinde ab haeretico quodam protestantium fautore, sed praesenti scripto vindicata per catholicum pacis, patriae, majestatis caesareae regiaeque et antiquae religionis Catholicae ac Hungaricae studiosum sub ipsis comitijs Soproniensibus anni 1681. (Tyrnaviae 1681).",,,,,,,,,,,,,,0,,,0,,,,,,,,,,,,,,,,,,,,,,
Appendix 322,Appendix,322,,1,Imago pacis. Ad Cornelii Taciti Annalem I. cap. X. [Sopron 1681.],,,,,,,,,,,,,,0,,,0,,,,,,,,,,,,,,,,,,,,,,
Appendix 323,Appendix,323,,1,Acta comitialia Hungarica Soproniensia anni MDCLXXXI. [S. l. 1681 s. n.],,,,,,,,,,,,,,0,,,0,,,,,,,,,,,,,,,,,,,,,,
Appendix 324,Appendix,324,,1,"Articuli dominorum praelatorum, baronum, magnatum et nobilium coeterorumque statuum et ordinum regni Hungariae etc. in generali eorum conventu anno MDCLXXXI Sopronii celebrato conclusi et ab ipsa sacra caesarea majestate ratificati et confirmati. [S. l. 1681 s. n.]",,,,,,,,,,,,,,0,,,0,,,,,,,,,,,,,,,,,,,,,,
Appendix 325,Appendix,325,,1,"Articuli dominorum praelatorum, baronvm, magnatvm et nobilium caeterorumque statuum et ordinum regni Hungariae partiumque eidem annexarum in generali eorundem conventu pro die vigesima octava mensis Apprilis [!] anni millesimi sexcentesimi octuagesimi primi indicto Sopronijque celebrato conclusi. [S. l.] 1681 [s. n.].",,,,,,,,,,,,,,0,,,0,,,,,,,,,,,,,,,,,,,,,,
Appendix 326,Appendix,326,,1,"Gravamina Evangelicorum anno Domini MDCLXXXI. in generali regni diaeta Soproniensi sacrae caesareae regiaeque majestati humillime exhiberi decreta quidem, verum ob certas rationes postmodum compendiata. S. l. 1681.",,,,,,,,,,,,,,0,,,0,,,,,,,,,,,,,,,,,,,,,,
Appendix 327,Appendix,327,,1,Serius exhibitum supplementum actorum comitialium Hungaricorum Soproniensium nuper editorum. [S. l. 1681 s. n.],,,,,,,,,,,,,,0,,,0,,,,,,,,,,,,,,,,,,,,,,
Appendix 328,Appendix,328,,1,"Szőnyi Nagy István: Kegyes lélek’ vezér tsillaga, Istennel othon ’s uton valo járásában. t. i. olly buzgo imádságok, mellyeket egy igaz vallása miatt hazájából ’s szerelmesi közzül ki-bujdosott k. ember: N. K. K. M. U. kivánságára ’s kérésére az othon lévö ’s széllyel járó szentek’ Istennel járásokban való igazgattatásokra intézett Szönyi N. Istvan, ujvárosi prédikátor. M.DC.LXXXI.",,,,,,,,,,,,,,0,,,0,,,,,,,,,,,,,,,,,,,,,,
Appendix 329,Appendix,329,,1,"Tertiaria supplicatio Status Evangelici ad sacratiss. caesar. regiamque majestatem in negotio religionis,",,,,,,,,,,,,,,0,,,0,,,,,,,,,,,,,,,,,,,,,,
Appendix 330,Appendix,330,,1,Drégelypalánki János: Speculum mysticum. (Debrecen 1682.),,,,,,,,,,,,,,0,,,0,,,,,,,,,,,,,,,,,,,,,,
Appendix 331,Appendix,331,,1,"Applausus epithalamicus celsissimo principi … Paulo Eszterhas de Galantha, perpetuo in Frakno, regni Hungariae palatino, judici Cumanorum, aurei velleris … Evae, natae Tockelin de Kismarck, etc. lectissimis neo-conjugibus, qvando noua avgvsti in arce Kismartonensi … nvptialia festa agebantvr. Demissime accentus a Jacobo Hoffmann, calcographo. (Tirnaviae 1682 Akad.)",,,,,,,,,,,,,,0,,,0,,,,,,,,,,,,,,,,,,,,,,
Appendix 332,Appendix,332,,1,Jesvs der Sieg- vnd Frieden-Fürst kröne diesz Jahr mit seiner gnade vnd segne sein Erbtheil. [Pozsony 1682.],,,,,,,,,,,,,,0,,,0,,,,,,,,,,,,,,,,,,,,,,
Appendix 333,Appendix,333,,1,Vulpus: Zwo wundersambe Historia aus Hungarn und Siebenbürger Land. Nagyszeben 1682.,,,,,,,,,,,,,,0,,,0,,,,,,,,,,,,,,,,,,,,,,
Appendix 334,Appendix,334,,1,"Szent Biblia, az-az Istennek Ó és Uj Testamentomaban foglaltatott egész Szent Iras. Magyar nyelvre fordittatott Karoli Gaspar által, es mostan hatodszor e’ kis formában kibotsattatott a’ belgyiomi académiákban tanúló magyaroknak forgolódások által. Amstelodamban 1683 M. Tótfalusi Kis Miklós költségével ’s betüivel.",,,,,,,,,,,,,,0,,,0,,,,,,,,,,,,,,,,,,,,,,
Appendix 335,Appendix,335,,1,Dilemmata de quaestionibus controversiis fidei per quendam Societatis Jesu sacerdotem Sopronij proposita. Anno 1683. [Tyrnaviae] [circa finem saeculi XVII.].,,,,,,,,,,,,,,0,,,0,,,,,,,,,,,,,,,,,,,,,,
Appendix 336,Appendix,336,,1,"Titius, David [red.] [1] Evangelischen Gottes-Dienstes- oder Bet-Stunden- und Kinder-Lehr-Ordnung, wie selbige in der Evangelischen Kirchen und Gottes-Haus zu Preßburg in Nider-Hungarn gehalten wird, samt unterschiedlichen, auf allerhand Zeit, Zuständ und Anliegen gerichteten Gebeten, auch sonderlich auserlesenen Liedern. Zusammengetragen, viel vermehrt und zum andernmal verlegt von David Schäffern. – [2] Auserlesene Geistliche Lieder, deren viel in andern Gesang-Büchern nicht zu finden seynd. Die meisten aber bey dem öffentlichen Evangelischen Gottesdienst zu Preßburg in Nider-Hungarn pflegen gesungen zu werden. Auf vieler inständiges Verlangen und Begehren mit einem Anhang neuer geistreicher Gesänge auch sonsten viel vermehret und zum andernmal verlegt von David Schäffern. Preßburg 1683.",,,,,,,,,,,,,,0,,,0,,,,,,,,,,,,,,,,,,,,,,
Appendix 337,Appendix,337,,1,"Titius, David [red.]: Pozsonyi könyvecske. Pozsony 1683.",,,,,,,,,,,,,,0,,,0,,,,,,,,,,,,,,,,,,,,,,
Appendix 338,Appendix,338,,1,"Instructio statuum et ordinum Regni Hungariae moderna eorum congregatione per … principem partium Regni Hungariae dominum … Emericum Teckeli, in libera et regia civitate Cassoviensi pro 11. mensis Januarii anni currentis indicta praesentium … Stephano Szirmai ad fulgidam Portam Ottomanicam ablegato eorum nuntio data MDCLXXXIII. S. l. 1683.",,,,,,,,,,,,,,0,,,0,,,,,,,,,,,,,,,,,,,,,,
Appendix 339,Appendix,339,,1,Calendarium Tyrnaviense ad annum MDCLXXXV … Nagyszombat 1684.,,,,,,,,,,,,,,0,,,0,,,,,,,,,,,,,,,,,,,,,,
Appendix 340,Appendix,340,,1,Kada István: Incendium et excidium civitatis Tyrnaviae auctoribus Tökölianis. Tyrnaviae 1684.,,,,,,,,,,,,,,0,,,0,,,,,,,,,,,,,,,,,,,,,,
Appendix 341,Appendix,341,,1,Calendar. Sibiu 1684.,,,,,,,,,,,,,,0,,,0,,,,,,,,,,,,,,,,,,,,,,
Appendix 342,Appendix,342,,1,"Pokorna modlitba, kterú Rakoczy Ferenc de Felsö Vadasz … sám zložil … Žilina cr. 1684 Ján Dadan, jun.",,,,,,,,,,,,,,0,,,0,,,,,,,,,,,,,,,,,,,,,,
Appendix 343,Appendix,343,,1,"Balás Ágoston: Cantionale catholicum, avagy régi és uj deák és magyar áhitatos énekek. Csik 1685.",,,,,,,,,,,,,,0,,,0,,,,,,,,,,,,,,,,,,,,,,
Appendix 344,Appendix,344,,1,"Ceasloveţu care are întru sine slujbele de noapte, şi de zi scoase pre Rumânie de pre Slóvenie şi tipărit",,,,,,,,,,,,,,0,,,0,,,,,,,,,,,,,,,,,,,,,,
Appendix 345,Appendix,345,,1,"[1] Komáromi Csipkés György: Magyar Biblia avagy az Ó es Uj Testamentom könyveiböl álló tellyes Szent Irás a’ Magyar nyelven, mellyet a’ Sidó, cháldeai és görög nyelvekböl magyar nyelvre forditott és minden rész közönséges summáját és részeit meg-mutató marginalis jegyzésekkel meg-világositott Comáromi C. György, S. I. M. D. és D. P. MDCLXXXV. esztendöben. – [2] Szenci Molnár Albert: Szent Dávid-soltári. Leyden 1685.",,,,,,,,,,,,,,0,,,0,,,,,,,,,,,,,,,,,,,,,,
Appendix 346,Appendix,346,,1,Calendarium tyrnaviense ad annum 1686. in usum Hungáriae et vicinarum provinciarum opera astrophili cujusdam e. Soc. Jes. sup. Monachii. [Leutschoviae 1685.],,,,,,,,,,,,,,0,,,0,,,,,,,,,,,,,,,,,,,,,,
Appendix 347,Appendix,347,,1,"Joannides Frýdecký, Jiřík: Modlitby křesťanské. V Levoči 1685. 12°",,,,,,,,,,,,,,0,,,0,,,,,,,,,,,,,,,,,,,,,,
Appendix 348,Appendix,348,,1,"Excellentissimo ac illustrissimo domino, domino Nicolao Comiti Erdeodi De Monyorokerek, Montis Claudii comiti perpetuo, [Banatus Croatiae, Dalmatiae et Sclavoniae] locumtenenti, praesidii Petrinia colonello, et confiniorum Cadapianorum Regni supremo capitaneo, patruo, ac patrono suo gratiosissimo Augustis Martialis gloriae tuae trophaeis philosophicam hanc pagellam appendo … . [Tyrnaviae cr. 1685 typis Academicis.]",,,,,,,,,,,,,,0,,,0,,,,,,,,,,,,,,,,,,,,,,
Appendix 349,Appendix,349,,1,"Hevenesi Gábor: Calendarium Marianum e victorijs contra gentiles, Turcas, haereticos et alios injusti belli authores … Tyrnaviae 1685.",,,,,,,,,,,,,,0,,,0,,,,,,,,,,,,,,,,,,,,,,
Appendix 350,Appendix,350,,1,"Comenius, Joannes Amos: De principis Transilvaniae ruina. S. l. 1685.",,,,,,,,,,,,,,0,,,0,,,,,,,,,,,,,,,,,,,,,,